year,hartlepool,south teesside,darlington,durham cc,northumberland,tyneside,sunderland,west cumbria,east cumbria,manchester,greater manchester south west,greater manchester south east,greater manchester north west,greater manchester north east,blackburn with darwen,blackpool,lancaster,mid lancashire,east lancashire,chorley,warrington,cheshire east,cheshire west chester,east merseyside,liverpool,sefton,wirral,kingston upon hull,east riding of yorkshire,north lincolnshire,york,north yorkshire cc,barnsley,sheffield,bradford,leeds,calderdale,wakefield,derby,east derbyshire,south derbyshire,nottingham,north nottinghamshire,south nottinghamshire,leicester,leicestershire cc,west northamptonshire,north northamptonshire,lincolnshire,herefordshire,worcestershire,warwickshire,telford wrekin,shropshire cc,stoke-on-trent,staffordshire cc,birmingham,solihull,coventry,dudley,sandwell,walsall,wolverhampton,peterborough,cambridgeshire cc,suffolk,norwich,north norfolk,breckland,luton,hertfordshire,bedford,central bedfordshire,southend-on-sea,thurrock,essex haven gateway,west essex,heart of essex,essex thames gateway,camden,westminster,kensington chelsea,wandsworth,hackney,tower hamlets,haringey,lewisham,lambeth,bexley,barking dagenham,redbridge,enfield,bromley,croydon,merton,barnet,brent,ealing,harrow,hounslow,berkshire,milton keynes,buckinghamshire cc,oxfordshire,brighton hove,east sussex cc,west surrey,east surrey,west sussex (south west),west sussex (north east),portsmouth,southampton,isle of wight,south hampshire,central hampshire,north hampshire,medway,kent thames gateway,east kent,mid kent,west kent,bristol,bath,gloucestershire,swindon,wiltshire,bournemouth,dorset cc,somerset,cornwall,plymouth,torbay,devon cc,isle of anglesey,gwynedd,conwy,south west wales,central valleys,gwent valleys,bridgend,swansea,monmouthshire,cardiff,flintshire,powys,aberdeen city,caithness,inverness,lochaber,na h-eileanan siar,orkney islands,shetland islands,angus,clackmannanshire,east lothian,edinburgh,falkirk,perth,west lothian,east dunbartonshire,glasgow city,inverclyde,north lanarkshire,scottish borders,dumfries,east ayrshire,south ayrshire,south lanarkshire,belfast,armagh city,newry,ards,derry city,mid ulster,causeway coast,antrim,lisburn,mid,fermanagh,stockton-on-tees,wyre,west lancashire,north east lincolnshire,doncaster,rotherham,kirklees,west derbyshire,rutland,east norfolk,west norfolk,south norfolk,city of london,hammersmith fulham,newham,islington,southwark,greenwich,havering,waltham forest,kingston upon thames,sutton,hillingdon,richmond upon thames,north east somerset,north somerset,south gloucestershire,poole,isles of scilly,denbighshire,neath port talbot,newport,vale of glamorgan,wrexham,aberdeenshire,sutherland,ross,cromarty,nairn,moray,badenoch,strathspey,skye,lochalsh,arran,cumbrae,argyll,bute,dundee city,fife,midlothian,kinross,stirling,west dunbartonshire,helensburgh,lomond,east renfrewshire,renfrewshire,galloway,north ayrshire mainland,banbridge,craigavon,mourne,down,north down,strabane,glens,newtownabbey,castlereagh,east antrim,omagh
1998,14923,12278,16458,10582,11354,13795,13034,13664,14761,22835,19090,12605,12034,10509,11808,11633,11810,18417,13393,12352,20566,17970,22352,13093,14484,8808,10304,14384,12907,17913,19209,14182,10773,13647,12083,18988,12177,15093,17911,16154,13711,20341,12497,12432,14937,15146,17445,13821,13269,14859,13711,17198,18155,15939,12059,13962,15840,22336,16301,12034,12735,14630,13727,20683,16787,16120,14114,11174,12344,18438,19427,16269,14316,10260,31534,12182,16589,17538,13922,168017,146371,26505,15054,13499,59025,24911,19091,19150,17762,15084,11278,15743,16288,16895,17479,15559,16968,17499,26666,26375,27798,28197,18885,19276,14815,11051,22177,25006,14018,20645,15941,21084,10733,14830,22516,22467,11417,16717,12143,16039,18988,18642,17657,16236,32817,14662,16226,13788,13550,11050,11964,10844,13816,9528,13875,10220,13517,9746,9619,12917,12311,16968,16057,14742,11371,21629,13146,16037,12793,11414,16919,20292,12569,12825,9875,23060,15448,18267,28448,9631,19311,11601,12145,11857,11745,9423,11187,10975,19471,12179,9571,8013,10730,14265,10284,12791,12845,19516,11225,14923,11810,12352,17913,10773,10773,12177,13711,15146,14114,11174,12344,168017,26505,13499,24911,19091,17762,15084,11278,17479,17479,26666,26375,17657,17657,17657,16226,11050,10220,12917,16968,16057,14742,21629,13146,13146,13146,16037,16037,16037,16037,12793,12793,12793,12793,12793,12793,12569,12825,9875,18267,18267,9631,9631,9631,11601,11601,11745,9423,12179,12179,9571,9571,8013,10730,10284,12791,12845,19516,11225
1999,15444,14257,16995,11086,11397,13719,12850,14315,15249,23843,19555,13104,12553,10907,12449,12347,12011,19085,14380,12938,21043,18828,25195,14001,15532,9611,10767,14821,12929,19403,19855,14523,10868,13811,12800,20122,12647,15273,18923,16299,13965,21412,12813,13144,15515,15309,17806,14031,13652,15577,14231,18481,18453,16654,12467,14195,16274,22838,16665,12584,13071,15139,14319,21269,17641,16685,14593,11621,12757,19053,20490,16973,14829,10662,32680,12376,17275,17685,13775,165272,151987,27574,15176,14000,57705,26333,19943,20352,19690,15347,11934,16537,17227,17712,18377,16308,18304,18325,27955,27957,29836,29481,19754,19963,15657,11616,23402,25814,14870,21916,16375,20600,11041,14935,22888,22860,11728,17097,12474,16520,19605,19287,18232,16793,33546,15221,17492,14817,14278,11280,12613,11413,14413,9444,13970,10372,13727,9969,9758,13114,12582,17737,16928,14956,11655,21752,13435,16563,13714,12382,18210,21367,12970,13116,10135,23293,15431,18101,30317,9906,19880,11539,12309,11826,12085,9700,11449,11093,20984,12863,10100,8427,11042,15146,10973,13771,13690,20229,11858,15444,12011,12938,19403,10868,10868,12647,13965,15309,14593,11621,12757,165272,27574,14000,26333,19943,19690,15347,11934,18377,18377,27955,27957,18232,18232,18232,17492,11280,10372,13114,17737,16928,14956,21752,13435,13435,13435,16563,16563,16563,16563,13714,13714,13714,13714,13714,13714,12970,13116,10135,18101,18101,9906,9906,9906,11539,11539,12085,9700,12863,12863,10100,10100,8427,11042,10973,13771,13690,20229,11858
2000,15608,14068,18313,11441,11755,14333,13491,13400,15842,24149,20353,13494,12773,11203,12685,12643,12021,19603,14749,13206,21797,19515,25628,14508,16403,10015,10970,15954,13172,20451,20598,15084,11236,14513,12943,20722,12815,15714,19779,16710,13864,21883,12942,13297,16491,16071,19325,14522,13901,16358,14881,19183,18562,17521,12797,14490,16805,24173,17151,12679,13185,14761,14743,21781,18323,17414,15440,12079,13719,20011,21440,17352,15708,11305,31684,12980,17853,18649,14625,179694,159222,28594,15679,14920,63840,28706,21638,21753,20399,15448,12245,16886,17541,18272,18972,17124,19292,19452,29296,30290,31554,31230,20735,20859,16380,12054,24708,26409,15547,22605,16830,20852,11348,15617,24248,24627,11798,17218,12643,16849,19969,20377,19089,17403,34433,15835,18278,15539,14906,11890,12844,11527,14646,9762,14343,10756,14123,10348,10220,13774,13081,18726,17671,15682,12300,22421,14097,16859,14236,12836,19231,21608,13936,13575,10624,24951,16106,18260,30531,10345,20759,12065,12901,12159,12696,10170,12133,11295,22534,13468,10806,8858,11315,16358,11896,14834,14733,21558,12502,15608,12021,13206,20451,11236,11236,12815,13864,16071,15440,12079,13719,179694,28594,14920,28706,21638,20399,15448,12245,18972,18972,29296,30290,19089,19089,19089,18278,11890,10756,13774,18726,17671,15682,22421,14097,14097,14097,16859,16859,16859,16859,14236,14236,14236,14236,14236,14236,13936,13575,10624,18260,18260,10345,10345,10345,12065,12065,12696,10170,13468,13468,10806,10806,8858,11315,11896,14834,14733,21558,12502
2001,15460,13807,19656,11706,12399,15387,14181,13380,16386,25881,21945,13982,13382,11708,13038,13023,12248,20444,15236,13617,23900,22708,25162,15358,17624,10652,12165,16678,13645,19840,21774,15859,11848,15449,13410,21570,13336,16561,20779,16294,14091,22723,13234,13598,16703,16642,19746,14790,15446,16834,15057,19432,19173,18803,13152,14894,17420,25307,17981,13259,13638,14339,15500,22779,19297,18300,16038,12666,14667,20670,22283,17879,16121,12070,30345,13676,18871,19901,15367,176878,159411,28997,16825,15429,63862,29375,22402,22992,20191,15742,12675,17470,18060,18910,19373,17504,19593,19855,29395,31150,32085,32788,21451,21522,17374,12579,25588,27968,15878,22728,17929,21267,11586,16268,24529,26073,12226,17700,13088,17425,20676,21974,20166,18365,37539,16928,18043,15533,15242,12505,13438,11838,15128,10186,14628,11166,14408,10619,10562,13472,13942,19393,18465,15766,12878,24384,14988,17383,15210,14041,20549,23019,14554,13833,10950,26626,16836,18895,29794,11060,21926,12664,13720,12619,13554,10508,12625,11742,23878,14126,11312,9292,11938,16910,12007,15671,15716,20973,13132,15460,12248,13617,19840,11848,11848,13336,14091,16642,16038,12666,14667,176878,28997,15429,29375,22402,20191,15742,12675,19373,19373,29395,31150,20166,20166,20166,18043,12505,11166,13472,19393,18465,15766,24384,14988,14988,14988,17383,17383,17383,17383,15210,15210,15210,15210,15210,15210,14554,13833,10950,18895,18895,11060,11060,11060,12664,12664,13554,10508,14126,14126,11312,11312,9292,11938,12007,15671,15716,20973,13132
2002,16375,14454,20992,12417,13413,16561,15472,14035,17447,27078,23000,14534,13756,12221,13729,14207,13157,21739,15717,14542,24867,23398,25672,16331,18867,11699,13133,18002,14517,21375,24052,17349,12386,16637,13723,22615,13527,16738,21907,15825,14799,23538,13760,14002,17068,17361,19928,14871,16517,17694,15484,20068,19952,19887,13862,15721,18143,25807,18555,13665,14112,14270,16022,23474,20325,18946,16856,13330,18401,21675,23221,18668,16769,12652,24871,13931,19996,20458,15832,184812,161240,29786,17630,15793,66098,30209,23169,23665,20551,16007,13296,18127,18963,19454,20007,18293,20347,20418,30085,31914,33683,34446,22174,22743,18268,13051,26459,28732,16769,24087,18761,23224,12248,17032,24977,27884,12969,19195,13666,18102,21433,23058,21084,19041,38445,17614,18804,15735,15834,13297,14086,12462,16031,10772,15882,11927,14953,11362,11052,13977,14513,19796,19389,16257,13326,25101,15807,17836,15608,14694,21036,23755,15296,14458,11519,28824,17580,19824,30760,11956,22679,13367,14201,13122,14050,10743,13409,12354,25064,14405,11680,9682,12347,17106,12376,16177,16112,21674,13530,16375,13157,14542,21375,12386,12386,13527,14799,17361,16856,13330,18401,184812,29786,15793,30209,23169,20551,16007,13296,20007,20007,30085,31914,21084,21084,21084,18804,13297,11927,13977,19796,19389,16257,25101,15807,15807,15807,17836,17836,17836,17836,15608,15608,15608,15608,15608,15608,15296,14458,11519,19824,19824,11956,11956,11956,13367,13367,14050,10743,14405,14405,11680,11680,9682,12347,12376,16177,16112,21674,13530
2003,17548,15357,22076,13211,13952,17391,16343,14885,18936,28200,24518,15160,14266,12720,14662,15135,14292,23375,16933,15451,25582,22947,24576,17513,20768,12513,14871,19303,15216,22716,25893,18416,13020,17739,14417,24447,14237,17377,22668,16328,15324,24707,14309,14197,18090,18223,20938,15602,17197,17973,16435,21091,20804,20615,14668,16426,18975,26701,19636,13951,14802,14595,16641,24507,20807,19649,17681,13813,17110,22970,24605,19613,17353,13744,29134,15292,21645,22039,17214,201755,166227,31147,19048,16552,71454,31630,24453,25110,20731,16855,14035,19237,19971,20730,21077,19212,21191,21468,31463,32760,35944,36496,23236,23629,18994,13437,27327,28962,17516,24525,19397,24606,12748,17384,26657,28347,13773,19996,14340,18976,22338,24042,22037,19851,41418,18353,20098,16197,16410,14395,14727,12783,16888,11753,16927,12635,15556,11901,11515,14479,15372,21137,20630,17485,14260,25219,17557,19033,16963,16201,22982,25610,16214,15266,11986,31522,18386,20927,32216,13118,24108,13878,14881,13476,14765,11264,13978,13077,27466,15156,12347,10269,12935,18410,13223,17186,17143,22428,14574,17548,14292,15451,22716,13020,13020,14237,15324,18223,17681,13813,17110,201755,31147,16552,31630,24453,20731,16855,14035,21077,21077,31463,32760,22037,22037,22037,20098,14395,12635,14479,21137,20630,17485,25219,17557,17557,17557,19033,19033,19033,19033,16963,16963,16963,16963,16963,16963,16214,15266,11986,20927,20927,13118,13118,13118,13878,13878,14765,11264,15156,15156,12347,12347,10269,12935,13223,17186,17143,22428,14574
2004,18449,16128,23609,14099,14791,19000,17869,15013,19559,29703,25619,15763,14820,13223,15401,16029,15145,24139,17962,16126,26377,25135,25817,18161,21818,13147,15210,19348,16212,23293,27567,19066,13698,18578,15064,25702,14944,18081,24261,16427,15957,26113,15013,14729,18910,19046,22334,16076,16825,16973,17267,21834,21321,21213,15739,17408,19915,27208,20715,14563,15457,15524,17524,25580,21377,20224,18359,14127,15836,23440,25842,20237,17702,14477,30023,15524,22357,22267,17309,217790,169966,32716,18341,17167,77537,33320,25660,26284,22273,17643,14760,20128,21015,21716,21919,19898,21720,21953,32526,33171,36519,36125,23444,23908,19744,13758,27783,30487,17671,24633,20341,26003,13479,18135,28425,29554,14480,20543,15206,19478,23318,25122,22888,20764,42635,18904,21187,16777,17150,14881,16020,14087,18091,12623,17620,13358,17151,12477,12080,14893,16338,22031,21470,17936,14923,26266,18626,20112,18339,17509,25064,27670,17058,15792,12526,34134,19208,21991,34176,14193,26117,14738,15654,13890,15330,11670,14874,13645,28963,15829,12762,10542,13573,18784,13609,17685,17479,23290,15327,18449,15145,16126,23293,13698,13698,14944,15957,19046,18359,14127,15836,217790,32716,17167,33320,25660,22273,17643,14760,21919,21919,32526,33171,22888,22888,22888,21187,14881,13358,14893,22031,21470,17936,26266,18626,18626,18626,20112,20112,20112,20112,18339,18339,18339,18339,18339,18339,17058,15792,12526,21991,21991,14193,14193,14193,14738,14738,15330,11670,15829,15829,12762,12762,10542,13573,13609,17685,17479,23290,15327
2005,19085,16189,23287,14601,15365,20116,18856,15894,20017,31314,26672,16411,15619,13867,15615,16270,15918,24673,18702,16359,27791,26439,27669,18591,22858,13502,14799,20186,16596,24129,27878,19453,14080,19233,15628,27123,15787,18806,26137,16356,16760,26584,15682,15599,19388,19721,23600,16401,17614,17286,17724,22775,21956,21312,16432,17996,20709,28300,21853,15073,15862,16358,18409,27716,22142,21411,19132,14698,16283,24465,27084,21608,18326,14843,32703,15944,23041,22898,17735,243871,178244,34168,19516,18260,87648,35127,27434,28124,22421,18334,15386,20922,21910,22899,22845,20456,22518,22603,33368,34435,38260,37869,24575,24637,20913,14369,28675,32388,18185,25156,21227,27228,14021,18876,29014,30803,15349,20749,16042,20413,24944,25087,23652,21539,44234,19298,22405,17568,18047,15636,16298,14660,18717,13055,18760,13927,17485,13195,12629,15497,17339,22582,22314,18787,15113,27853,19460,21066,19697,18440,27004,28948,17865,16331,13202,36643,20948,23339,34419,14359,28300,15153,16394,14170,15782,12362,15471,14422,30816,16402,13414,11181,14655,19373,14250,18342,18279,23670,16565,19085,15918,16359,24129,14080,14080,15787,16760,19721,19132,14698,16283,243871,34168,18260,35127,27434,22421,18334,15386,22845,22845,33368,34435,23652,23652,23652,22405,15636,13927,15497,22582,22314,18787,27853,19460,19460,19460,21066,21066,21066,21066,19697,19697,19697,19697,19697,19697,17865,16331,13202,23339,23339,14359,14359,14359,15153,15153,15782,12362,16402,16402,13414,13414,11181,14655,14250,18342,18279,23670,16565
2006,20345,16917,23513,15455,16036,21321,19872,17313,21623,33043,27939,17167,16232,14532,16197,16934,16826,25711,19115,16672,29151,28139,27908,20084,24927,14446,16213,22043,17865,25223,27481,20153,14841,20327,16107,28636,16309,19492,26894,17015,16953,28144,16346,16152,20310,21073,25692,17171,18398,17922,18722,24100,22349,21371,17597,18546,21051,29084,21959,15725,16657,17156,19055,29350,23671,22383,20720,15298,17409,26071,27562,22705,18955,15725,34709,16598,24324,23702,18551,264428,187538,35380,19683,18723,93555,36212,28356,29044,23539,19670,16213,22323,23579,23778,24013,21510,23715,23717,34957,37672,39528,41488,25208,25500,21748,14931,30691,34646,19019,26655,22107,28284,14707,19573,28716,31352,16057,21213,16471,20984,25493,26191,24326,21988,46809,19768,23485,18213,18976,16597,17264,15585,19759,13664,19938,14527,18512,14014,13238,16633,18091,23722,23597,19645,15531,31085,20248,22094,20374,18889,27160,30514,19057,17706,13993,37979,22867,25177,36104,14605,29895,15997,17255,14975,16843,13251,16326,15633,32663,17287,14271,11944,15674,20414,15215,19591,19415,24384,17494,20345,16826,16672,25223,14841,14841,16309,16953,21073,20720,15298,17409,264428,35380,18723,36212,28356,23539,19670,16213,24013,24013,34957,37672,24326,24326,24326,23485,16597,14527,16633,23722,23597,19645,31085,20248,20248,20248,22094,22094,22094,22094,20374,20374,20374,20374,20374,20374,19057,17706,13993,25177,25177,14605,14605,14605,15997,15997,16843,13251,17287,17287,14271,14271,11944,15674,15215,19591,19415,24384,17494
2007,21038,17519,22757,16040,16324,21718,20321,17675,22098,34802,28721,17893,16934,15119,16897,17262,17353,27063,19744,17281,30472,28673,30338,20245,25063,14720,16491,22277,18078,26973,28786,21171,15718,21589,16713,30313,17029,19994,27552,17791,17192,29409,16802,16905,21017,21919,26661,17830,19092,18288,18821,24279,23085,21476,18234,18909,21879,29877,22952,16137,16616,17830,19347,30566,24348,22728,21193,15670,17605,26845,28987,23269,19302,16313,32734,17156,25086,24935,19182,299897,208619,38792,21030,19543,103744,39340,30655,32289,24346,20703,16825,23360,24394,25550,25264,22244,23899,24534,36438,39913,40837,40043,26345,26241,22553,15072,31286,36391,19401,27268,23739,30505,15096,20183,31191,32811,16606,21636,16971,21564,26252,27918,25584,23099,49899,20487,24155,18322,19211,16915,17439,15968,19986,14191,20261,14685,18940,14349,13501,16827,18623,24325,24815,20134,15892,34263,20084,22875,20712,19357,28031,30705,19377,18494,14371,40385,22342,26170,37157,14678,31009,15946,17166,15031,16934,13353,16393,15689,33951,17911,14479,12288,16045,20795,15460,20320,19839,24306,17720,21038,17353,17281,26973,15718,15718,17029,17192,21919,21193,15670,17605,299897,38792,19543,39340,30655,24346,20703,16825,25264,25264,36438,39913,25584,25584,25584,24155,16915,14685,16827,24325,24815,20134,34263,20084,20084,20084,22875,22875,22875,22875,20712,20712,20712,20712,20712,20712,19377,18494,14371,26170,26170,14678,14678,14678,15946,15946,16934,13353,17911,17911,14479,14479,12288,16045,15460,20320,19839,24306,17720
2008,21783,18168,23209,16574,16699,21827,21024,19405,23145,34845,29030,18456,16712,15268,17189,15929,17659,27397,19566,17420,30833,28727,31085,20311,25800,14395,16251,23963,18088,27068,28570,21400,15470,21002,16806,29828,16644,20423,26751,19798,17309,30599,17094,17447,21425,22534,26956,18188,18905,18900,19623,24688,23753,21051,19344,19398,21950,29347,23014,16154,16511,18726,19270,29429,24822,22819,21902,16032,17810,27805,29916,24186,19742,16317,32616,17205,24909,24711,19700,298055,220609,41131,21210,19740,104282,40149,31323,33624,24438,20309,16286,22841,23957,24473,25169,21628,23232,24031,35958,40523,41612,42293,27240,27517,23289,15875,32373,36640,20617,28916,24853,29497,15714,20804,29631,33504,17293,23008,17845,22453,26958,28772,26266,23348,50868,21115,24727,19402,19810,17666,18090,16093,20338,13928,20779,14701,18728,14584,13498,17004,18913,23668,24397,19940,15377,36706,20640,24143,21613,20146,29054,32113,19545,19137,14441,39792,23103,25946,38030,15590,31569,16812,18059,15467,17677,13855,17326,16551,34053,17564,14471,12280,16239,19493,15388,20018,19608,25857,17504,21783,17659,17420,27068,15470,15470,16644,17309,22534,21902,16032,17810,298055,41131,19740,40149,31323,24438,20309,16286,25169,25169,35958,40523,26266,26266,26266,24727,17666,14701,17004,23668,24397,19940,36706,20640,20640,20640,24143,24143,24143,24143,21613,21613,21613,21613,21613,21613,19545,19137,14441,25946,25946,15590,15590,15590,16812,16812,17677,13855,17564,17564,14471,14471,12280,16239,15388,20018,19608,25857,17504
2009,22196,18240,22010,16559,16294,21055,21126,18887,23154,35299,27847,18370,16395,15013,16727,15418,16141,26657,17727,16981,27742,27380,32736,20379,26843,14859,16157,24011,17670,26108,27188,20869,14732,20782,16395,29441,16043,19381,26540,18495,16320,29492,16504,16530,20757,21853,26038,17381,18877,18178,18822,23403,22136,21200,18932,18238,21138,27061,22618,15209,16140,17621,18682,26751,24536,21998,21878,15791,17446,26038,28483,23287,18786,15981,31875,16612,23709,23959,18286,306216,217985,38692,20525,18539,107272,38511,30485,31931,20939,18573,14638,20467,22056,23179,23041,20860,22612,21799,32307,38330,40709,40133,26244,26659,22537,15024,31696,35928,19333,27353,24112,31280,15102,19815,29413,32872,16549,21084,17022,21160,25650,29405,25554,22889,50268,20444,24752,18515,19119,16725,17718,15343,19696,13012,20235,13998,17972,14332,12999,16025,18827,23002,24201,19812,15078,35613,19914,23751,21553,20062,29674,34111,18937,18378,13691,40529,22713,26127,37240,15639,30822,16255,17406,15099,17298,13358,17077,16113,33967,16879,13719,11451,15956,17611,14833,18994,18990,27241,16756,22196,16141,16981,26108,14732,14732,16043,16320,21853,21878,15791,17446,306216,38692,18539,38511,30485,20939,18573,14638,23041,23041,32307,38330,25554,25554,25554,24752,16725,13998,16025,23002,24201,19812,35613,19914,19914,19914,23751,23751,23751,23751,21553,21553,21553,21553,21553,21553,18937,18378,13691,26127,26127,15639,15639,15639,16255,16255,17298,13358,16879,16879,13719,13719,11451,15956,14833,18994,18990,27241,16756
2010,22088,19367,23329,16779,16727,21573,21087,20045,23856,35701,27885,18650,16696,15470,17388,16237,16516,27340,18261,17703,28869,28449,34747,21280,26564,15186,15629,22893,17435,27237,27659,20897,15461,21216,16497,29723,16255,19168,26543,19839,17701,29990,17121,17305,21408,22756,26651,18349,19316,18285,19335,24489,23179,22168,19411,19179,21567,29981,23485,15689,16373,17931,19507,27540,25227,22508,22110,16385,17786,26261,27994,23349,19135,16248,33607,17331,24547,24628,19552,308885,224738,40886,19914,19191,103136,39486,32140,34375,23188,19665,15018,21219,22462,22711,23511,20477,23190,22628,33233,39263,41075,39602,26870,27525,22582,15493,32533,36154,20375,28297,24780,32886,15972,21038,31924,34103,17247,22242,17633,21779,26602,29903,26533,24873,50188,21050,24048,19023,19616,17200,18533,15958,20522,13274,20166,14639,18882,15058,13663,17416,18951,23074,24136,20888,15202,36404,19955,24946,22080,21960,31435,35206,19306,18583,14100,39045,22392,25936,38230,15705,29887,16499,17608,15542,17280,13653,17685,15876,33198,17143,13795,11583,16044,18374,15292,19429,18980,26867,16680,22088,16516,17703,27237,15461,15461,16255,17701,22756,22110,16385,17786,308885,40886,19191,39486,32140,23188,19665,15018,23511,23511,33233,39263,26533,26533,26533,24048,17200,14639,17416,23074,24136,20888,36404,19955,19955,19955,24946,24946,24946,24946,22080,22080,22080,22080,22080,22080,19306,18583,14100,25936,25936,15705,15705,15705,16499,16499,17280,13653,17143,17143,13795,13795,11583,16044,15292,19429,18980,26867,16680
2011,22277,19741,23891,16652,16837,22653,21648,20476,24141,35552,28951,18844,16977,15495,17663,16459,17113,28885,19474,18153,29652,29412,31399,21497,26852,14870,17104,22508,17802,26778,28771,21712,15884,21812,17149,30721,16763,20193,27914,20922,18379,31020,17848,17989,21764,22410,27313,18241,19490,19522,20340,26287,23368,22209,19930,19867,21964,31362,24320,16423,16070,19050,20326,28372,25763,23426,22584,16888,18333,25845,27800,23320,19735,16551,34016,17819,24305,24953,19981,313070,232370,42735,22159,19715,108679,40606,35126,35194,22224,19643,15256,21564,22932,22271,23906,20891,23325,23239,34442,40274,42846,41123,27855,28498,23284,15948,32858,36592,20779,28696,24914,34924,16517,21769,32977,34748,17621,22616,17939,22566,28081,29881,27132,25103,49603,21296,24135,19391,20281,17640,19077,16268,20912,13877,21454,15472,19437,15825,14647,18106,19533,23774,25487,21717,15726,37632,20723,26423,23034,22778,32664,35677,19805,19088,14774,39191,23607,26002,38950,16235,30706,17158,18100,16015,17877,13888,17958,16526,34348,17562,14520,12196,16795,18743,16171,20352,19611,26269,16914,22277,17113,18153,26778,15884,15884,16763,18379,22410,22584,16888,18333,313070,42735,19715,40606,35126,22224,19643,15256,23906,23906,34442,40274,27132,27132,27132,24135,17640,15472,18106,23774,25487,21717,37632,20723,20723,20723,26423,26423,26423,26423,23034,23034,23034,23034,23034,23034,19805,19088,14774,26002,26002,16235,16235,16235,17158,17158,17877,13888,17562,17562,14520,14520,12196,16795,16171,20352,19611,26269,16914
2012,21872,20585,24138,17336,17167,23046,21917,20852,24689,36531,30494,19463,16853,16048,18151,16458,17323,30055,19641,18651,30425,31836,33426,21134,26267,14527,16569,22515,18391,26246,29495,22066,16498,21960,17972,30881,17323,21390,27414,21723,18688,31674,18226,18849,21378,23601,27492,19027,20433,20220,21708,27214,22212,22423,20351,20660,21959,32515,25694,16795,16108,18631,21118,29500,26999,24036,23316,17861,18776,24844,28764,23711,20289,16607,27781,18715,24656,25926,20566,314317,238207,49979,22991,20853,107417,41059,35424,36193,22206,20483,16217,22092,24432,22316,25133,23340,23646,24110,34083,44600,44075,41092,28068,29723,25104,15829,33994,38800,21914,28639,26364,34839,16809,22989,33530,35912,18768,22048,18513,22113,28728,30158,27329,25847,48641,23154,24325,20136,20344,18082,19840,15789,21255,14673,21641,15936,20750,16030,14505,18441,20308,24296,26286,22417,16360,39456,21864,26592,23784,22601,33296,34900,29585,18712,15293,40999,23918,27410,24779,15599,31498,17427,19124,16603,18446,14543,17484,16946,35243,17703,15334,12727,17361,19214,16548,20641,20884,28065,17650,21872,17323,18651,26246,16498,16498,17323,18688,23601,23316,17861,18776,314317,49979,20853,41059,35424,22206,20483,16217,25133,25133,34083,44600,27329,27329,27329,24325,18082,15936,18441,24296,26286,22417,39456,21864,21864,21864,26592,26592,26592,26592,23784,23784,23784,23784,23784,23784,29585,18712,15293,27410,27410,15599,15599,15599,17427,17427,18446,14543,17703,17703,15334,15334,12727,17361,16548,20641,20884,28065,17650
2013,22304,20215,26205,17536,17528,22386,24678,22225,25643,36545,32745,19663,17927,16652,19086,17195,18889,29756,20779,18571,32105,33185,35214,22070,26654,15019,16278,22930,18782,26461,30048,22898,17051,22570,18414,31437,18021,22347,28081,22436,19659,32506,19093,19454,22077,24210,29031,19837,21360,20724,22348,29460,22819,20584,25926,21031,23608,33533,26046,16671,16618,18177,21249,27440,27473,25349,24914,19133,18838,27347,30903,24097,20532,16789,20925,19963,25083,26185,21936,335517,240353,54036,26492,20893,107060,42827,36371,35267,23086,21411,16399,23037,24437,23264,25503,22974,24524,26487,35541,47863,44647,43757,28688,30819,26924,16331,35775,40422,22352,29247,27323,34681,17930,23709,32927,37762,19002,23767,19031,23055,29119,30479,28222,25940,51398,23584,25715,20362,20347,18538,20428,16607,22044,14496,21246,16773,21337,16768,15349,19410,21309,24434,27224,23066,17502,41829,22641,28127,24261,22159,30557,36580,24307,19692,16890,42519,35046,29681,23931,15694,32800,18170,20147,17267,19736,15022,17136,17985,36311,18628,15662,12569,17945,19973,16686,20942,22088,27855,17981,22304,18889,18571,26461,17051,17051,18021,19659,24210,24914,19133,18838,335517,54036,20893,42827,36371,23086,21411,16399,25503,25503,35541,47863,28222,28222,28222,25715,18538,16773,19410,24434,27224,23066,41829,22641,22641,22641,28127,28127,28127,28127,24261,24261,24261,24261,24261,24261,24307,19692,16890,29681,29681,15694,15694,15694,18170,18170,19736,15022,18628,18628,15662,15662,12569,17945,16686,20942,22088,27855,17981
2014,24405,19357,27743,17489,17853,22995,25900,23114,25519,37852,33005,19779,19380,16443,19922,17880,19199,31100,21589,18706,33909,35821,35936,23158,27999,15680,17016,23332,19716,27375,30449,23316,17746,22792,18591,32177,19335,22557,28113,23845,20080,34237,19611,18922,23387,24896,29990,20603,21643,22326,23157,30952,23203,20936,26180,21559,24577,34956,27795,17049,18236,19499,20219,29361,28589,25933,25486,19374,20024,30306,32577,25593,22011,17390,22253,20536,25187,28271,23240,345873,254320,58803,27723,22113,108757,45554,36068,39226,23526,21852,17188,23929,24714,25366,26683,24549,26617,28010,38744,51982,45789,48241,29600,32740,28055,17012,38392,39981,22216,30110,28088,30749,18892,25676,34945,37753,19628,24594,19565,24163,29810,32109,30451,27165,52595,24531,25704,21717,21470,18946,21074,17009,22479,14511,21933,17482,21359,17338,15551,19892,23189,24672,27988,23082,17447,42971,23479,28085,24616,22581,30108,39905,24932,20774,17506,43720,35950,30274,25066,17108,33366,19512,22399,18819,20683,15917,18896,18795,37103,19100,16587,13214,18006,20758,17109,22514,22131,27844,18845,24405,19199,18706,27375,17746,17746,19335,20080,24896,25486,19374,20024,345873,58803,22113,45554,36068,23526,21852,17188,26683,26683,38744,51982,30451,30451,30451,25704,18946,17482,19892,24672,27988,23082,42971,23479,23479,23479,28085,28085,28085,28085,24616,24616,24616,24616,24616,24616,24932,20774,17506,30274,30274,17108,17108,17108,19512,19512,20683,15917,19100,19100,16587,16587,13214,18006,17109,22514,22131,27844,18845
2015,26970,18039,29152,17838,18607,23605,26534,23955,29073,38825,33960,20206,19254,17401,21851,18993,19339,32479,23039,19980,36048,35331,34944,23797,28271,15860,17991,24208,20703,28386,30202,23902,18504,23109,19361,33361,20173,23619,28991,25057,20037,34447,20010,19384,24143,25592,30941,20967,21859,21855,24063,32500,23159,21457,26512,22362,24883,38752,29052,17590,19066,19828,19115,28909,29678,26175,26094,19691,20394,31348,33569,25905,21751,17845,23791,21592,26748,28931,22953,352816,245051,61133,29830,23157,108225,46328,37729,39224,23763,22006,17959,24410,24544,25189,26991,24718,28477,29579,39013,54633,47226,51322,29802,33820,28599,17810,39676,39580,23440,32177,27682,32191,19672,25343,35332,38943,20105,25606,19873,25038,32042,31661,29952,27557,55479,24207,26366,22145,21667,19549,21384,17064,23256,15106,22990,17933,22050,17512,16411,20099,22475,25480,28737,24133,18461,41929,22784,28735,24845,22368,31216,37077,22902,21632,18066,44273,37581,30583,27570,17325,33378,20048,22542,18805,20521,15871,19560,18770,38394,19664,16812,13101,17842,20876,16578,23169,23420,33381,19039,26970,19339,19980,28386,18504,18504,20173,20037,25592,26094,19691,20394,352816,61133,23157,46328,37729,23763,22006,17959,26991,26991,39013,54633,29952,29952,29952,26366,19549,17933,20099,25480,28737,24133,41929,22784,22784,22784,28735,28735,28735,28735,24845,24845,24845,24845,24845,24845,22902,21632,18066,30583,30583,17325,17325,17325,20048,20048,20521,15871,19664,19664,16812,16812,13101,17842,16578,23169,23420,33381,19039
2016,27205,18553,27424,17963,19365,24315,26877,23296,29514,40817,34379,20727,19685,17629,22485,20317,19812,34482,23737,21340,36230,38299,36955,24402,28529,16963,17753,24973,20486,29029,30966,24757,18947,23637,19847,33799,20621,24231,28904,27088,21610,32993,20425,19923,25286,26110,31338,22663,21939,22595,23819,33455,26376,22560,28782,22655,26014,43692,29690,18104,19623,19580,19639,30359,30596,27167,26498,20499,20381,32839,33797,35629,22947,17620,26090,23350,28682,28639,23489,377253,273124,61701,26447,25920,107966,46290,39179,40917,24846,21988,18222,25125,26378,24889,28419,25477,31182,30718,38598,55915,48632,51697,30608,33679,29510,18668,39967,39362,24802,33262,27717,32399,19280,25886,35137,39589,20611,28319,20259,26410,33813,33202,31281,27008,48588,28764,27680,22941,21977,20593,22628,17846,24021,16357,22907,18601,23000,17970,16596,20293,23817,26825,30081,24859,19708,39429,23261,29432,25816,21976,30158,34739,23654,22218,18649,47097,37975,30745,27747,17506,33985,19646,23240,19437,21474,16371,20378,19408,40208,20876,17636,14022,19781,21929,17343,24040,23842,34566,20133,27205,19812,21340,29029,18947,18947,20621,21610,26110,26498,20499,20381,377253,61701,25920,46290,39179,24846,21988,18222,28419,28419,38598,55915,31281,31281,31281,27680,20593,18601,20293,26825,30081,24859,39429,23261,23261,23261,29432,29432,29432,29432,25816,25816,25816,25816,25816,25816,23654,22218,18649,30745,30745,17506,17506,17506,19646,19646,21474,16371,20876,20876,17636,17636,14022,19781,17343,24040,23842,34566,20133
2017,26833,19072,30311,18511,19329,24925,27470,23910,31329,43487,34941,21875,20516,18352,23887,21762,19548,35125,23633,21612,38442,39427,38739,25468,29001,17464,18886,25855,21911,30501,32194,26337,19737,24377,20672,34445,21238,24485,28122,27189,22383,34242,20401,21092,25543,26530,31997,24091,22752,23223,24966,35926,29091,23254,30632,22876,26483,46251,28257,19152,20191,21109,20384,32852,31727,27827,27638,20973,21042,33096,36262,31348,24887,18492,29196,26055,30183,29987,24417,387484,282669,62950,26697,25019,116508,47027,39749,43060,24907,22161,18880,24795,26653,25718,28410,26616,29230,30344,39595,58181,50002,55703,30571,34212,31557,19051,41334,38930,25625,33144,28679,32959,19537,25870,36597,41308,21337,26709,20931,26664,35104,35217,31050,28422,46035,30751,29024,24290,22998,21852,22699,18466,24756,16854,23558,19602,23221,18294,17215,21833,24048,27189,31193,24653,19507,39491,24571,31026,27929,22737,31230,38173,23139,25916,19044,49029,29869,31594,28635,18700,34812,20366,24839,20601,22423,16569,21087,19998,43299,21458,18686,14851,20975,23585,18600,25377,24492,34837,21307,26833,19548,21612,30501,19737,19737,21238,22383,26530,27638,20973,21042,387484,62950,25019,47027,39749,24907,22161,18880,28410,28410,39595,58181,31050,31050,31050,29024,21852,19602,21833,27189,31193,24653,39491,24571,24571,24571,31026,31026,31026,31026,27929,27929,27929,27929,27929,27929,23139,25916,19044,31594,31594,18700,18700,18700,20366,20366,22423,16569,21458,21458,18686,18686,14851,20975,18600,25377,24492,34837,21307
2018,26225,20005,28866,19064,18978,25680,29635,24602,31201,44781,37067,22301,21042,18285,23561,22845,20047,35987,24245,22347,38872,41633,39436,26653,30011,17850,18507,26316,22988,30320,33588,26555,20326,24608,20444,36500,21617,25448,30610,28070,21480,34472,21284,21895,25915,27457,32764,24250,23322,23312,25435,37090,30293,23309,31323,23764,27966,49328,28478,20114,21635,19412,20814,36014,33035,28408,28302,21140,20601,35139,37499,33858,25806,18902,27526,25786,30829,31774,25032,395309,282093,65468,26746,25960,113559,48228,40987,40870,24646,22472,18996,25930,28117,26437,28761,26425,29755,30400,39277,61899,51310,58393,30950,35137,32470,18852,42433,37429,25756,33711,29036,33707,19783,26358,36566,43390,22829,27074,21170,27022,35030,34418,33273,29359,46146,31018,29380,24767,23524,22096,23384,17409,25116,17781,24169,20380,23568,17950,17908,23069,24642,28821,31824,25584,19552,40914,25205,31569,27994,24054,31894,36527,23623,25351,19701,51224,33868,31396,29343,19071,35871,20733,25536,21230,22890,16795,21284,20092,44332,21411,18408,15034,21348,24661,18375,25110,25918,29885,20931,26225,20047,22347,30320,20326,20326,21617,21480,27457,28302,21140,20601,395309,65468,25960,48228,40987,24646,22472,18996,28761,28761,39277,61899,33273,33273,33273,29380,22096,20380,23069,28821,31824,25584,40914,25205,25205,25205,31569,31569,31569,31569,27994,27994,27994,27994,27994,27994,23623,25351,19701,31396,31396,19071,19071,19071,20733,20733,22890,16795,21411,21411,18408,18408,15034,21348,18375,25110,25918,29885,20931
