year,county durham,darlington,hartlepool,middlesbrough,northumberland,redcar cleveland,stockton-on-tees,gateshead,newcastle upon tyne,north tyneside,south tyneside,sunderland,blackburn with darwen,blackpool,cheshire east,cheshire west chester,halton,warrington,allerdale,barrow-in-furness,carlisle,copeland,eden,south lakeland,bolton,bury,manchester,oldham,rochdale,salford,stockport,tameside,trafford,wigan,burnley,chorley,fylde,hyndburn,lancaster,pendle,preston,ribble valley,rossendale,south ribble,west lancashire,wyre,knowsley,liverpool,st. helens,sefton,wirral,east riding of yorkshire,kingston upon hull,north east lincolnshire,north lincolnshire,york,craven,hambleton,harrogate,richmondshire,ryedale,scarborough,selby,barnsley,doncaster,rotherham,sheffield,bradford,calderdale,kirklees,leeds,wakefield,derby,leicester,rutland,nottingham,amber valley,bolsover,chesterfield,derbyshire dales,erewash,high peak,north east derbyshire,south derbyshire,blaby,charnwood,harborough,hinckley,melton,north west leicestershire,oadby,boston,east lindsey,lincoln,north kesteven,south holland,south kesteven,west lindsey,corby,daventry,east northamptonshire,kettering,northampton,south northamptonshire,wellingborough,ashfield,bassetlaw,broxtowe,gedling,mansfield,newark,rushcliffe,herefordshire,stoke-on-trent,telford wrekin,shropshire,cannock chase,east staffordshire,lichfield,newcastle-under-lyme,south staffordshire,stafford,staffordshire moorlands,tamworth,north warwickshire,nuneaton,rugby,stratford-on-avon,warwick,birmingham,coventry,dudley,sandwell,solihull,walsall,wolverhampton,bromsgrove,malvern hills,redditch,worcester,wychavon,wyre forest,bedford,central bedfordshire,luton,peterborough,southend-on-sea,thurrock,cambridge,east cambridgeshire,fenland,huntingdonshire,south cambridgeshire,basildon,braintree,brentwood,castle point,chelmsford,colchester,epping forest,harlow,maldon,rochford,tendring,uttlesford,broxbourne,dacorum,east hertfordshire,hertsmere,north hertfordshire,st albans,stevenage,three rivers,watford,welwyn hatfield,breckland,broadland,great yarmouth,king's lynn,north norfolk,norwich,south norfolk,babergh,east suffolk,ipswich,mid suffolk,west suffolk,camden,city of london,hackney,hammersmith fulham,haringey,islington,kensington chelsea,lambeth,lewisham,newham,southwark,tower hamlets,wandsworth,westminster,barking dagenham,barnet,bexley,brent,bromley,croydon,ealing,enfield,greenwich,harrow,havering,hillingdon,hounslow,kingston upon thames,merton,redbridge,richmond upon thames,sutton,waltham forest,bracknell forest,brighton hove,isle of wight,medway,milton keynes,portsmouth,reading,slough,southampton,west berkshire,windsor maidenhead,wokingham,aylesbury vale,chiltern,south bucks,wycombe,eastbourne,hastings,lewes,rother,wealden,basingstoke,east hampshire,eastleigh,fareham,gosport,hart,havant,new forest,rushmoor,test valley,winchester,ashford,canterbury,dartford,dover,gravesham,maidstone,sevenoaks,folkestone,swale,thanet,tonbridge,tunbridge wells,cherwell,oxford,south oxfordshire,vale of white horse,west oxfordshire,elmbridge,epsom,guildford,mole valley,reigate,runnymede,spelthorne,surrey heath,tandridge,waverley,woking,adur,arun,chichester,crawley,horsham,mid sussex,worthing,bath north east somerset,bournemouth,bristol,cornwall,dorset,isles of scilly,north somerset,plymouth,south gloucestershire,swindon,torbay,wiltshire,east devon,exeter,mid devon,north devon,south hams,teignbridge,torridge,west devon,cheltenham,cotswold,forest of dean,gloucester,stroud,tewkesbury,mendip,sedgemoor,south somerset,somerset west,isle of anglesey,gwynedd,conwy,denbighshire,flintshire,wrexham,powys,ceredigion,pembrokeshire,carmarthenshire,swansea,neath port talbot,bridgend,vale of glamorgan,cardiff,rhondda cynon taf,merthyr tydfil,caerphilly,blaenau gwent,torfaen,monmouthshire,newport,bosworth,wigston,sherwood,bedworth,west norfolk,deane,hythe,malling,ewell,banstead,christchurch,poole,taunton
1995,39000,44000,36500,40000,47500,43000,45250,40000,45500,45859,40000,38500,34000,40000,59950,56973,44500,54000,46500,31500,44000,39475,53000,59500,39500,44000,36500,39000,40000,42000,54000,39500,58000,41000,31500,46000,53450,31500,45350,30000,45000,57000,38000,49000,54000,51000,45175,38000,43750,50000,43950,51500,34500,36950,40000,55860,54000,63500,62950,60000,58500,49950,53000,39000,39000,41500,43500,41500,41000,43975,49250,45000,41000,39500,66500,38500,41950,37950,40000,63000,42500,52000,47950,47500,52000,51950,59000,47850,50000,49100,52000,40000,42950,37500,48900,44550,51050,46500,36500,59000,44700,39500,44000,66000,42000,38500,42000,47000,47000,36000,45500,64500,57000,32500,45000,54000,44950,44000,59950,42500,59950,55000,47000,48500,52000,44500,48000,73000,63000,45400,42000,48500,42000,71500,46225,42500,71000,69000,53000,50995,62500,52250,54000,58000,44750,42000,47000,50500,70500,59950,41975,58000,75000,58555,56250,78000,57000,59995,53000,80000,57500,60000,62000,46500,82500,70000,73000,75000,82000,67000,88750,53000,85500,60000,71000,47500,54500,41000,45000,51000,39000,53750,55000,51500,42000,56000,53000,113875,105000,61950,109250,66500,95000,172500,66250,55995,46950,71000,67500,85500,127500,49000,85250,62000,68000,76750,60000,75000,66000,61500,79950,66375,71000,73000,81000,74500,67998,108000,67000,55000,75000,52000,47500,46000,52995,47500,56950,55500,48350,75000,94950,85950,70000,117500,123250,80000,50000,41000,60000,60000,70000,67500,76995,60000,66000,48000,85390,57000,69950,62950,71000,86500,59995,56000,59125,50000,57950,65000,80000,50000,47500,45750,69950,73500,60000,74000,78000,72500,72500,108000,90500,83000,101450,80000,84000,80000,89000,85000,89000,75950,53000,58000,74995,59000,80500,73000,52500,62500,58000,47500,49000,63500,119750,57000,44950,55950,53000,51000,62000,59950,52500,55000,53425,64500,56500,48500,55000,57000,78000,50000,46500,58000,59950,53000,51000,51000,55000,45000,40425,44725,44000,45000,45000,48000,49500,45000,39500,45000,37375,44000,53950,50000,36000,32000,38000,29000,39000,58250,45000,47850,52000,45500,44500,45000,67500,50000,69950,90500,80000,58000,58000,55000
1996,40000,43500,40000,43000,50000,43500,48000,41000,47500,47000,42000,41000,32995,39950,60000,57500,45000,54500,46000,30500,45000,39000,54000,60000,39950,44125,36950,39950,39000,41000,56000,39000,59000,42500,30000,48500,57000,32000,44500,29000,46000,58400,35000,50500,55000,50000,46000,40000,45000,52000,45000,52500,34000,38000,41625,55000,56950,66500,66495,59500,60000,49975,53973,38000,38500,42500,44000,43500,41000,45000,49995,46416,41500,38500,72000,39500,44500,37500,41625,67000,42500,52250,49950,49875,54000,51750,59995,50000,55000,50000,51500,42500,44500,38950,50000,45500,51100,47000,37000,60000,46500,42500,46063,67450,42000,38000,44950,48250,48950,38000,49382,67973,58000,32000,47000,57000,46000,45000,62500,43000,59950,56000,47950,50500,56950,46000,51125,80000,67000,46500,42000,50000,43500,73000,48000,43000,75000,65000,53000,51000,66000,53000,55000,59000,44995,43500,48000,50000,75000,59500,40500,58500,78176,60000,57973,83350,58000,60000,55000,85000,58500,65000,64000,46000,80000,70000,76000,80000,85000,64000,94500,54950,92000,60000,75500,47500,55000,40000,48000,52000,39995,56350,58251,51000,42500,56500,54000,127500,124250,66000,122000,71950,102125,195000,75000,57500,50000,72750,77000,94000,133000,49995,87000,65000,73000,80000,64500,80000,69995,64000,82500,68500,72500,73000,86000,80000,70995,118500,69000,56000,78000,55000,49000,48000,53000,48250,58600,56950,50000,78000,99950,90000,70000,121500,124000,81000,51500,44500,64000,63000,74975,72000,80000,63975,68500,49000,90000,60000,74000,65000,75000,89950,68950,57982,59995,52500,58950,68000,85000,53975,49500,46500,76000,73000,62500,77000,84000,75000,76000,110000,92500,86500,110000,82000,85500,80000,97000,90000,98000,83000,55000,59950,76500,60000,84500,75500,53025,65500,60000,50000,51500,67500,107475,58000,45000,57000,54995,52000,64950,62619,53700,57500,53875,67500,57500,50000,60000,58000,82500,53000,48000,59950,62000,55500,53500,54000,57975,46000,41250,45650,43950,47500,47000,50000,51775,43500,40000,45500,37950,46000,57350,52250,35000,32500,41000,31500,40000,59950,45000,50000,51500,49382,46000,48000,72000,53975,76000,92500,82000,60000,60000,57975
1997,43000,49000,41450,45000,53000,45000,49500,42000,49000,50500,45000,44000,34000,41975,67000,59950,49000,57000,48000,32500,45800,39725,58000,64500,43000,46000,39950,41500,42000,42520,59500,41750,64000,45000,34000,52000,59995,32500,45000,33000,48950,60000,40000,51950,59500,53950,45000,40175,45000,54700,47500,53500,34500,40000,43000,58185,60000,70000,67500,64000,63500,51500,57000,39995,41500,43000,45850,45000,44000,47275,52000,48850,42975,40000,75725,42000,45500,39000,42450,72500,46500,56000,51000,54950,57995,54950,65500,54000,57000,54000,54000,43725,47000,39000,53000,49850,56000,51000,39500,67250,53500,45000,52000,78000,46000,39973,46750,49995,50550,39950,49950,71500,62000,33500,50000,59950,48500,49500,65500,48975,64000,58600,49450,53500,57000,49950,55985,88500,72000,48500,44000,53950,44950,79950,50000,46000,75000,75000,57998,55000,73450,56950,59625,64950,48000,45000,55000,56000,84950,64950,46000,60000,85475,65000,60000,89500,65500,68000,58500,91500,65000,70000,72000,50000,93000,80000,84500,86500,94950,70000,110000,59950,104950,68975,82000,50750,58500,44500,52500,55500,42750,58500,65000,55000,45000,62750,58500,145000,135000,76998,136000,81000,119000,225000,85000,64000,56000,85000,95000,108000,161000,53500,100000,71000,83750,86000,71000,90000,78000,66000,94234,74000,79925,80000,94950,85000,76250,136000,75000,62000,84500,60000,53000,53000,58923,53000,65000,63500,54500,85300,118100,102500,78000,135000,140000,89550,55000,46450,70000,72000,79000,75000,80000,69000,74000,51973,104950,67973,79500,72950,83500,96500,69995,63250,61995,54000,63000,74500,95000,58000,54000,49750,85500,78501,67500,85000,88500,84000,85500,127000,105975,98000,117500,90000,95950,87950,102000,107000,110000,85000,63950,66500,86000,69000,90950,83500,59950,70000,67000,54000,55950,73500,135000,61250,47000,60000,58500,54000,69500,67950,56000,60000,58000,69995,60000,53500,62000,63250,88278,59500,51500,63000,66950,59500,57000,58000,59950,50000,43500,48500,45000,51000,47750,52375,54000,47500,41000,49000,38100,47950,59500,56000,36000,34000,43000,32950,41000,64000,47950,54000,54000,49950,49950,52500,75000,58000,85500,105975,90000,67000,67000,59950
1998,43075,49995,44000,42513,54500,46000,50000,44950,53063,54000,45000,45000,35000,43000,69950,62950,48750,59000,50000,35000,47000,40500,63000,67500,43500,48000,45000,43000,42000,45000,60000,41973,68000,46000,36500,55500,60000,33000,47000,32500,49950,62000,44000,54685,60000,54000,47950,40000,45200,56000,48750,53995,34500,40750,44950,60000,63500,73000,73500,66000,60000,53000,58000,41600,43000,43500,47350,45750,45500,49000,55000,49950,44000,41500,83700,42500,47500,41000,43995,78000,47000,58000,54950,56500,59950,57500,73500,56000,60000,57000,59000,45000,50000,41350,54950,52252,59500,53000,41500,79950,58500,48500,57000,85250,49700,43000,46500,52250,52500,41000,55000,77725,68000,34025,52125,63000,52000,53000,69000,48500,69500,59000,52375,56250,59995,50000,60000,96000,82750,51550,45500,55500,45950,86000,52500,45000,83000,81000,60000,59950,79975,59500,65950,71995,51000,47500,58000,62000,93000,72500,49750,65500,95000,71250,69125,96000,69950,74000,64995,106000,69500,77950,77500,55000,104000,89995,95000,95000,112250,80000,125000,65000,123000,78500,90000,54000,61000,46000,53500,60000,45750,60000,65000,58500,48500,65000,61500,160000,170000,87500,159950,91000,145000,245000,100000,71500,63500,99000,115000,125000,177000,59995,113995,79000,96000,100000,79000,103000,85000,75000,107500,82500,89000,95000,109500,96975,85000,158500,85125,71000,96995,68000,58000,55500,63000,57000,75225,73500,59000,96100,135000,119950,86500,157000,162000,102500,59500,49000,76000,74950,89350,87500,93750,74500,82125,53000,118500,73000,87500,79000,94950,112363,74995,69000,68500,58500,70000,80000,110000,62850,59000,52000,94000,92500,73950,98000,98500,95000,93500,148000,123000,113223,132000,106000,113000,101000,118310,119000,126250,98500,71500,75000,96500,78000,100000,95000,67500,78950,74950,59000,59000,79500,152000,67500,48000,67500,64500,57950,76000,73000,57950,63000,60500,78500,67000,58500,65000,69000,100000,61500,55000,70250,72950,65000,59950,62500,65500,48875,46000,50875,45000,54000,49500,55000,58000,48450,44000,49789,40000,49500,63000,59950,36500,32250,44000,30000,43500,67000,49950,56000,59000,55000,50000,53500,87500,62850,94000,123000,106000,74950,74950,65500
1999,47000,50675,47375,46000,58500,46000,53375,45000,57000,55950,47000,47500,39950,44500,73950,69000,49500,60000,53695,35000,49000,43000,66000,73500,45500,50000,45920,44500,46973,45500,66025,45000,75000,47000,37500,58000,66000,36000,50000,34000,49950,68500,43000,57500,67000,58000,49950,44000,48500,59500,52000,56952,37500,44995,46000,64000,64500,75475,79950,72500,67000,54500,59950,44000,45000,47950,50000,47000,46000,50000,59000,51000,47500,44950,86450,44500,50000,42725,46000,82000,49950,60000,58500,65000,64950,59950,82500,60000,67500,61375,62950,47000,53000,42500,57975,56500,65000,53500,43000,83000,65000,54500,59995,93000,56000,46950,53000,57950,55950,43000,56625,85000,76000,35998,57000,68000,55000,57500,78500,50000,75000,63000,56500,59950,65000,54000,63950,113000,93000,55000,49950,58000,46500,94000,55000,49000,93000,89000,68500,66950,87500,64000,71775,79000,58000,52000,65000,65000,103000,80000,52000,74000,105950,75000,75498,114000,76000,85000,69995,120000,70725,86000,82500,60000,115500,96000,105000,110000,124375,88500,140000,73000,130000,89500,99950,58995,65950,48998,59000,65000,50000,69000,75000,63000,54995,72000,69000,190000,180000,113000,190000,110000,170000,285000,121500,82000,71995,123000,140000,155000,220000,65000,135000,86000,112000,116500,89000,125000,94000,90000,124250,90000,104950,113000,129950,120000,97500,183500,98000,79995,106250,80000,65000,59995,70000,60000,89000,80000,64950,114950,150000,134950,97000,170000,175000,118000,66000,54000,85000,83000,98500,99000,116750,84950,89950,58000,129000,79000,99950,89950,99950,125000,82500,77000,74500,62000,74000,86500,120000,68000,65833,57500,104975,108000,88500,115000,117500,106000,112000,167000,135000,131000,148000,120000,133000,117000,135000,133500,139000,117000,78500,82000,109000,82750,118000,105250,73950,89950,82500,68000,65500,89950,155000,74000,49750,74000,71000,63000,86000,80000,63225,71000,69500,85000,72000,65250,73050,79950,120000,67500,59000,78500,78500,71950,67500,70000,71500,53000,48000,55000,47500,56325,52000,58875,59500,52000,44950,52000,41548,54000,68000,66500,39000,33250,45000,32500,46000,77000,54000,60000,62950,56625,54000,59000,99000,68000,104975,135000,120000,82500,82500,71500
2000,48000,52566,47000,45000,59950,50000,55500,47500,59000,56000,48500,45950,39950,46500,79995,75000,54225,66950,56000,36000,52000,43000,71000,79500,46950,53000,50250,43000,47950,47000,73000,48000,82500,49000,34950,60000,71500,36000,52000,35000,49011,68500,44000,58500,69950,60000,52000,47500,49995,60000,56000,59500,37000,43500,48000,75500,69950,84000,90500,78495,75000,58000,65000,44000,46000,49000,53000,49700,48000,53000,64000,53500,50000,46950,104500,46500,53000,44000,49000,86000,51000,64000,59950,68000,71500,65000,94250,66000,72500,68000,67000,50000,58000,46950,65000,69950,70500,57000,45000,95950,71101,60000,70000,115000,62500,49950,55000,61000,60000,44000,62475,99950,83500,37500,59500,75000,57000,60000,84995,52950,82500,69950,59950,65000,69995,59832,75000,123250,107500,59500,55000,61000,50000,110000,58000,52000,111000,100000,77000,73000,103000,69000,82188,92000,68000,55620,72000,75000,125000,95000,58854,84950,124000,85000,88000,134500,88000,98000,83000,135000,84000,102500,98500,71000,140000,116450,128000,129950,137000,113000,172500,83000,149950,109763,115000,67000,79000,54000,66000,74000,60000,79950,86000,71000,64000,87995,79995,235000,200000,135000,222000,130000,198000,343000,157000,99995,91995,155000,162500,182000,250000,78000,159000,98500,139000,135000,110000,145000,114000,106725,147500,110000,124950,130000,154000,139950,119000,219500,119950,96000,124000,98000,76000,70000,82000,73000,114500,96000,79500,133250,182500,159950,113000,195000,200000,136000,82500,62950,100000,96000,115000,120000,133000,99950,107500,68995,160000,89950,120000,107250,124000,153500,100000,89500,89000,68500,84500,107000,143000,77000,76000,66250,124998,123000,106950,137750,144000,129950,129000,204950,162950,156850,180000,145000,148000,137250,155000,150000,164000,143000,95000,94000,130000,98000,137000,128000,88500,110000,97000,77000,74950,108995,188750,87000,55000,86000,83950,71950,99950,93500,75000,82500,81000,95000,82950,75000,82000,93000,132500,74500,65500,89950,89125,82500,77000,82500,81500,55000,52500,58000,51000,59950,57950,65000,64000,55000,44550,56000,43850,58500,70000,73000,39000,35800,48000,34000,46000,85000,59000,66000,67000,62475,59832,66000,120000,77000,124998,162950,145000,97000,97000,81500
2001,48000,56000,48500,45000,64000,52500,59950,53000,65500,56995,49000,49000,40550,49000,89500,85000,55950,77000,60000,37975,51975,43950,77000,89950,50000,59000,57488,45000,50000,49000,81000,49950,97500,52000,34000,65000,77500,36950,56000,37850,56000,80000,46250,65995,77000,66750,53995,52000,55000,69500,62000,65000,37500,47950,52950,87950,78000,96250,99950,79000,85000,64000,73000,45000,46000,53000,59950,52000,52000,55000,69995,57000,57950,54950,115000,51950,60000,46950,55000,100000,58000,74973,62950,70950,79950,75000,105000,78000,79000,77000,73950,58950,65500,50000,73000,76500,80000,60000,47000,110000,80000,69125,80000,130000,73000,51500,58000,70500,68950,49000,69000,110000,92500,38000,65950,86000,64250,67950,94950,55000,92000,78000,67500,74950,76000,66000,84500,136950,115000,68000,62000,69000,55500,122500,59950,58000,124950,118000,83500,83950,119950,80000,92000,106500,79000,63500,84000,88500,140000,109500,65625,92000,142000,95998,95000,150000,104000,119000,93000,155000,93950,113250,117500,83500,155000,128750,138500,145000,156000,124950,186250,91995,174000,122500,127975,78950,93000,62950,78000,87000,71000,94500,97500,82500,74000,95500,89725,249995,237500,160000,245000,150000,216650,363000,174375,122000,112000,180000,184975,204500,280000,89500,174975,116500,157975,152950,126000,163000,130000,123995,165000,122500,140000,148500,170000,160000,138000,227500,132500,118000,138500,124000,87000,79995,94973,82000,124000,113500,89950,149950,200000,171000,125750,225000,220475,150000,96000,71000,122500,114250,129500,134250,148000,115000,122000,81000,175000,105000,135000,120100,135000,171975,114250,105000,100000,80000,97750,121000,159995,85000,85950,77000,137000,139428,118000,152500,152500,147000,140000,226950,179950,170000,195000,159350,165000,155000,167500,165000,182000,151000,114000,115000,143500,114000,150000,146000,101000,124950,113000,89995,85000,122000,180000,96500,64500,97000,96950,83000,117500,108000,85950,95248,94950,120000,95000,87950,97000,112000,145000,86725,75000,105000,102500,91000,82950,89950,90000,59995,56000,63000,55000,64950,62000,70000,72000,59000,49000,58000,46000,59000,75000,82000,40000,36300,50423,33000,49950,95000,65000,78000,73950,69000,66000,78000,134250,85000,137000,179950,159350,113000,113000,90000
2002,52000,59500,53000,47000,72500,59000,68000,64000,80000,68000,52500,58950,44000,57950,107000,95000,65000,90550,65000,43000,59950,46500,93000,109973,56000,71500,71000,52950,57375,57500,92500,56500,117725,56950,27500,80000,93000,38950,65000,35000,59950,93000,50000,78000,88000,79000,59995,55000,62000,81000,73000,80000,41950,50950,58500,114000,100000,115000,130000,96995,105000,76000,94000,48500,54000,60000,71000,58000,57000,62000,83500,67500,69950,70000,137375,68725,72500,47500,63500,122000,72500,91000,75000,91700,95000,93000,129950,91995,103500,92500,90000,72500,79950,66500,91500,90000,97500,79000,59000,125882,98000,83950,94500,150000,84995,60000,69950,87000,86950,56950,85950,131000,117000,41500,78000,105000,77500,79950,120000,64000,119725,92950,77000,86000,92500,76995,109500,159000,141066,82500,75000,82500,67125,140000,74500,69950,144000,149950,96000,102000,132500,94000,115000,129950,95500,82000,105000,114995,170000,132500,87000,115000,164220,119995,127000,176000,129000,143000,118000,185000,119995,139950,142500,105000,185000,152975,164000,174000,185000,142000,219563,118500,191000,145000,159950,99000,119000,76250,97500,115000,93000,122500,130000,105000,87000,122250,114500,279500,250000,180000,265000,180000,245000,399000,195000,145000,141000,190000,200000,235000,320000,115500,207000,139000,187000,176950,150950,190000,153000,149995,197000,145000,166950,174950,198000,185000,168000,249950,156000,149000,160995,146975,113000,97500,119500,104000,147500,129995,115000,170100,223250,198000,149950,249000,250000,175000,122000,89625,145000,138000,155000,149950,174950,139000,145000,102000,198725,128000,160000,138500,160000,196475,133500,130000,125250,95000,122000,138000,180000,106000,107000,94000,165000,162995,139225,180000,185000,170000,166000,247500,210000,194950,234000,180000,188000,179950,197500,194475,208000,176000,134000,137000,169500,131000,180000,164995,126350,149950,137750,116000,114950,149950,225000,118000,81000,120000,115950,102500,136000,139950,115000,121000,118500,147500,125000,115000,131000,133125,172000,105000,92000,129995,127500,119000,107500,112500,120000,70000,63000,75000,66000,74000,74950,82875,83850,78250,55000,64500,46500,64375,90000,101250,45940,37950,56000,36000,57998,117500,77000,91995,90000,85950,76995,97500,149950,106000,165000,210000,180000,137750,137750,120000
2003,64750,79000,56950,49000,88950,73000,85000,80000,105000,88000,70000,72000,53500,72950,130000,118000,85000,112000,80250,48500,79950,56000,125000,139950,65000,84950,82500,60000,65000,75000,120000,73000,136700,74000,34950,99950,120000,40000,84000,45000,75000,125000,69950,99000,111000,99950,75000,69950,75000,100000,87000,99950,50000,60000,76950,133950,123500,140500,157500,119250,135000,96000,122500,64000,72000,75000,88000,70000,73950,80000,106000,86000,86500,91000,163000,88000,92350,69000,81950,149950,90000,112975,98950,119350,124950,120000,159950,118000,125000,117975,122000,91375,99000,86000,119000,114000,122998,98000,77250,146500,125000,105000,114927,174500,104000,78250,85950,114000,109950,74950,111250,159500,137500,49950,95950,130000,92000,95250,143000,81950,140000,119000,94000,105000,110000,94950,122000,185000,160500,105000,89000,96000,84000,164950,91000,84500,162500,169000,119950,122000,158000,119500,135000,149950,121000,97000,130000,136995,185000,149000,109000,135000,179950,140000,145150,215000,160000,170000,139000,220000,133748,162500,172000,129995,205000,177500,184000,194998,210000,172500,244000,135000,215000,169000,182000,121000,136950,96375,120000,140000,112000,144000,146300,128000,106000,140000,130000,273000,285000,195000,280000,193000,247000,402500,202500,166000,173000,209995,210000,243000,325000,140000,234950,163000,210000,205000,172500,212000,180000,169950,230000,173500,191000,200000,216125,200500,195000,265000,175000,172000,174995,168000,132225,118000,135000,122000,157000,152375,134995,189000,247000,220000,165000,275000,284000,193000,147500,109000,168000,165000,182000,171998,199500,162500,165000,122000,215000,146000,189973,156500,179000,215000,150000,155000,150000,118000,140000,162000,210000,133375,128000,117000,182000,185000,159950,205000,209000,194000,190000,255000,229250,216000,245000,205000,211000,197000,230000,230000,232000,202000,155000,162500,200000,151725,200000,194975,152000,175000,165000,135000,143000,177500,300625,137725,95950,139500,128000,126500,156000,167500,137500,140000,148000,180000,150000,140500,150000,147500,205000,129950,113000,152950,145000,138000,123500,137500,139950,87000,85000,100000,85000,91000,92250,110000,112748,99000,73650,80000,55000,80000,115000,125000,54950,44000,70000,39000,75150,139500,93000,118000,122000,111250,94950,120000,171998,133375,182000,229250,205000,165000,165000,139950
2004,85000,101000,52975,65000,115500,90000,106000,97000,129000,117000,89950,91000,70000,92000,150000,143000,99500,135000,95000,62000,96500,76000,160000,169500,86000,107000,99995,79950,86000,95000,139000,89000,162000,90000,38000,122950,152000,58000,110000,51000,98000,161000,87500,127450,136995,124000,98950,91000,98000,127000,115000,129950,60000,76500,97000,153000,147000,177500,178000,160000,166000,129950,142950,87850,95000,91000,110000,89700,95000,100000,126000,104000,112500,114950,187500,99950,115000,84968,104950,180000,111850,138000,117375,132950,140000,139950,170000,131000,145000,133725,139000,115000,127000,107000,134950,128950,145000,129950,93000,159000,139950,124000,128950,182500,120000,95500,109950,130000,124950,91950,128950,177000,163500,69950,117950,150000,111950,120000,163000,99975,155000,139950,125000,123500,129950,113000,145000,200995,176000,121489,110000,117500,100000,189000,113500,100000,182500,188000,139000,141000,178000,137000,150000,164000,133950,120000,150000,150000,200000,165000,124725,154200,195000,154000,165000,230000,170000,185000,159995,228250,148000,184998,185000,146000,228975,187000,199950,212500,227000,183000,250000,149000,235000,182500,197975,137950,152500,119000,139995,155375,125000,159950,164350,145000,123500,162000,152995,308250,280000,216100,302000,213300,250000,455000,220000,180000,187000,224998,230000,262500,346150,160000,249950,175000,225000,225000,186000,232500,194000,180000,245000,188000,210000,217000,235000,225000,217500,292500,188500,188000,182000,180000,153000,133500,153500,135000,172000,167000,146000,206000,250000,235000,183500,307000,312250,214000,159000,127500,187500,178000,195000,188000,212125,178000,181000,134995,236000,165000,210000,169000,197000,244000,168500,177000,160000,140000,157000,176750,229950,150000,143000,135000,205000,210000,175000,225000,220000,200000,199995,287000,247500,237500,265000,228000,229950,207500,235950,240000,249000,212000,170000,177500,230000,168000,220000,214000,164000,187000,183000,145000,168000,195000,303750,159950,120000,155000,136000,148000,174000,190000,160000,168000,173950,205000,172000,169250,175000,168600,230000,147250,129950,175000,164950,160000,151748,160000,161000,125000,112500,125750,110000,118000,118000,140000,145000,133000,97000,110000,76000,105000,139495,145500,72500,58950,89950,60000,91500,161495,117500,131000,139000,128950,113000,139995,188000,150000,205000,247500,228000,183000,183000,161000
2005,96995,110950,69000,85000,120000,105000,118000,107500,128000,120000,100050,99995,80000,106000,157500,150000,112000,138000,120000,75000,108000,88000,170000,180000,100000,119995,119525,89500,95000,107500,143000,105000,170000,100000,50300,128000,155000,75000,119750,64950,115494,165250,103125,132000,139995,135000,115000,104995,112000,137500,123000,134950,73650,86000,110000,161000,159725,182500,189950,162500,176000,138000,157000,99500,104500,106500,116325,101500,112500,115000,133000,116500,119995,118464,187500,109500,118000,97250,116995,197000,118000,141250,135000,143950,147000,145000,182250,142250,147500,140000,145750,117000,130000,112500,140000,135000,148995,126000,110000,163750,146500,127500,132000,185000,129500,101000,120000,135000,127000,100000,130000,184625,169500,80000,119995,159048,120000,120000,170000,112000,161498,145000,129000,128500,142000,119950,144998,215000,185000,127000,118000,124000,109000,186000,119995,113000,189000,198000,135000,144950,187000,144500,155000,172500,140000,121226,156000,160000,215000,174000,128000,163000,205000,162000,170000,239995,176000,190500,167500,235000,157000,194000,193000,150000,240000,191000,205000,224375,238000,185000,269000,155000,245000,191468,195000,142000,159950,119995,145000,164975,130000,165500,170000,151995,127500,167195,155000,325000,310000,220000,325000,225000,270000,465000,229000,185000,197600,239995,238000,278000,375000,163000,250000,183000,240000,230000,195000,235000,200000,200000,249000,195000,218500,220000,240000,233000,225000,299950,200000,198500,190000,194000,158000,137000,159000,137995,175500,175000,150000,210000,275000,242500,187975,290500,315000,220000,168000,132950,199000,185000,207500,187500,225000,183500,181800,137000,237500,168000,215000,175000,203000,247000,172000,180000,170000,145000,161500,179998,236000,160000,149995,145000,209995,220000,175250,224000,234000,212500,202000,299950,250000,243000,287500,235000,235000,215000,234950,244995,257250,225995,180000,179500,230000,171000,225953,219950,165647,197000,187500,150000,175000,200000,280000,165000,131000,160000,140000,155000,178153,195000,162000,169950,177750,222000,180625,169995,186000,175000,242000,160000,132000,180000,167500,164950,152500,160000,168000,132000,130000,142000,120000,127000,126950,145000,152750,145000,120000,121500,88975,118180,144995,150000,81500,75000,100000,74650,100375,177500,127950,142250,145750,130000,119950,145000,187500,160000,209995,250000,235000,187500,187500,168000
2006,106995,115000,90000,101000,135000,119500,125000,115000,142000,129000,108500,108000,89950,115000,165000,157000,115000,145000,132000,84000,119950,100000,180000,190000,112125,127500,134950,107500,104000,118000,153000,115000,179000,115000,68000,135000,173500,82000,125000,82000,120000,174950,105000,138000,149997,143000,117500,119000,118304,147000,133000,142995,84950,98000,116000,169995,176250,195000,197500,175000,188500,144000,159950,106000,112000,117000,125500,118000,120000,125000,140000,120000,125000,120000,206955,112500,127500,101500,123500,206500,119995,148603,140000,145000,154000,150000,186000,148000,157500,145000,148000,119995,137500,119950,148500,140000,154950,136950,113250,173000,150000,134000,139000,198000,133500,110000,124950,139000,135000,107000,136000,186000,180000,87500,128500,170000,126850,130000,180000,120000,172748,155000,139000,138475,146500,124973,154950,222800,190000,133000,125000,129950,116000,195000,124000,119950,199950,213000,140000,155250,194000,145750,163000,180000,146000,134995,166625,164995,228000,176995,133000,170000,220000,172000,174995,247500,180000,200000,172000,250000,160000,203500,200000,160000,248000,198000,216000,235000,249000,210000,287500,160000,250000,199950,210000,152100,170000,125000,150000,170000,142500,179000,183000,159995,136500,170000,166950,358000,341000,245000,350000,237500,295000,525000,246000,204625,212000,247500,249995,312000,411400,168000,273000,195000,249950,242500,205000,248000,210000,209995,250000,205000,230000,235000,249999,242000,238000,330000,210000,215000,204950,209000,170000,143998,167000,145000,184950,180000,155000,227500,285000,249950,198500,330000,349975,230000,167000,140000,206000,195000,219500,190000,235000,186000,192500,141000,247000,178000,230000,180050,218000,250000,184000,185725,178000,153000,167123,195000,249995,168000,158700,155000,225000,235000,188500,240000,245950,230000,217995,326250,275000,250000,289973,245000,245000,227500,245475,265000,279950,240000,189950,188000,244500,178000,240000,227000,180000,210000,195000,161950,185000,215000,405000,175000,140000,169995,150000,161000,187500,205000,172000,174950,189000,230000,189998,175000,200000,185000,246000,170000,145000,182500,175000,172000,160000,170000,170000,148000,140000,145000,128975,135000,135000,158000,169750,158000,124500,128000,94000,124000,152000,157000,91000,85000,116000,80000,114950,180000,134000,148000,148000,136000,124973,150000,190000,168000,225000,275000,245000,195000,195000,170000
2007,108995,121500,105000,106000,139950,123500,134000,119995,143973,133000,116375,112000,100000,118850,175000,162500,118000,150000,142500,95000,125000,110500,185000,205000,120000,132265,139000,112500,114998,125000,166075,124950,188500,119995,79000,138000,179250,92500,134000,92000,126000,189000,115000,147500,160000,150000,118000,122500,124950,149973,139950,150000,92500,108000,121500,180000,180000,200000,218000,188500,195000,150000,170000,114000,117500,124000,130000,125000,125000,132000,146428,128700,130000,125000,214500,110500,138500,110000,127500,219975,125000,158000,145000,152500,162500,159000,200000,155000,165000,154950,157500,128000,145000,124500,157000,150000,165000,144000,129000,188000,155000,145000,147000,215000,140000,117000,125950,142500,137000,112500,141000,197950,187000,92000,132500,179995,132995,142000,185000,125000,183250,162000,144000,140000,149500,132000,157995,229975,199950,137500,130000,134950,121998,205500,125000,122000,204000,227500,147251,166000,211500,155000,177500,192000,158000,140000,178000,173000,250000,189950,139000,182000,241975,181000,187500,250000,200000,222000,180000,270000,173000,212000,219000,169995,260000,219725,235000,249950,270000,218000,315000,174500,280000,220500,215000,162000,185000,136997,158000,182000,157000,189500,195000,173000,143000,185000,176248,410000,417500,264500,415000,267500,347500,645000,280000,225000,230000,275000,290000,355000,475000,185000,295000,212000,280000,260000,222500,271000,233000,223000,280000,222500,245000,249995,290000,264000,250000,380000,233000,239500,222500,235000,179950,158000,177000,156000,202000,194725,164000,247000,315000,279995,216500,350000,389975,247500,180000,149950,230000,215000,230125,214848,250000,200000,205000,147000,274950,190000,240000,199000,234500,280000,196000,200000,196000,168975,180000,210000,270000,182250,164000,165000,242000,245000,197000,250000,275000,245000,232000,352750,290000,280000,307000,264000,268780,245000,272250,275000,299950,250000,210000,208000,250000,199950,250000,249950,194000,230000,214950,175000,195500,232725,322500,190000,149950,187500,159950,172000,199950,222950,182000,192000,202740,250000,200000,188000,215000,189952,267500,180500,156500,205000,197000,187500,171500,180000,185000,155000,147000,151000,133000,141500,141450,169975,178750,170000,135000,134000,107000,127000,160000,161000,97000,92500,123000,84600,122500,190000,140000,155000,157500,141000,132000,158000,214848,182250,242000,290000,264000,214950,214950,185000
2008,105000,124950,110000,99999,142000,115000,129950,117000,142500,128500,113000,110000,102000,115000,165000,162000,117000,145000,135625,97000,124000,110000,189975,212500,115000,129000,130000,112000,109000,120000,160000,120000,180000,116663,79975,143000,175000,92000,130000,92892,120000,185000,112000,140000,155000,143000,118000,115000,120000,147500,134950,147000,91000,107000,123498,172000,177500,200000,209500,182000,187500,150000,156500,110000,115000,120000,125000,121000,123000,128800,140000,123873,124950,125000,225000,105000,135000,110000,122500,199950,122000,155000,138000,147000,150000,152635,185000,150000,150000,150000,145000,121000,137000,118950,153000,139998,161676,137000,130604,179998,152000,135000,141000,210000,136500,110000,122250,133000,125000,110000,140250,184995,185500,92000,135000,178100,125000,133000,185000,126500,175500,161000,140000,137000,150000,125000,158000,229998,195000,132000,124500,130500,117000,187000,125000,120000,201500,210000,142000,160000,200000,149000,175000,192500,155000,137500,175000,172000,237896,185000,137000,176500,236998,180000,185000,248000,197000,210000,167796,272500,167000,219950,214000,165000,260000,217000,239973,247000,265000,215000,307000,170000,270000,222000,225500,155000,176000,131000,155000,184166,148000,177375,183000,170000,134000,180000,172875,439975,366250,265000,435000,250000,350000,700000,275000,227000,235000,278000,289998,350000,495000,190000,280000,210000,275000,250000,226725,270000,234700,230000,275000,222000,245000,249000,285000,262250,250000,375000,230000,232000,214000,231748,175000,155000,175000,151950,199950,197500,158000,240000,307000,260000,212000,377400,375000,245000,180000,145500,227500,215000,235000,205000,245000,194000,199973,145000,270000,181225,235000,194498,229973,275000,190000,195000,195000,165000,178500,200000,263000,179998,164995,162000,230000,233500,199995,250000,250000,247500,220000,365000,285000,270500,320000,250000,267500,245000,250000,270000,305500,250000,200000,202975,250000,198000,249950,245000,187950,220000,205000,169000,190000,227500,285000,184995,142000,180000,150000,168000,195000,220000,180000,182500,190000,249995,190000,180000,200000,187000,250000,180000,147000,195000,180000,180000,169995,175000,178000,150000,142000,145000,133000,137000,140000,155475,170000,160750,132000,135000,105975,121000,165000,154900,92000,90000,116000,82000,117000,183800,130000,150000,145000,140250,125000,155000,205000,179998,230000,285000,250000,205000,205000,178000
2009,105000,123000,103500,111000,137000,119950,130000,121000,137500,133000,114950,108750,98000,102500,165000,156250,120000,144300,135000,99950,122000,110000,171000,190000,110000,130000,125000,105000,107000,115000,158000,111050,173000,111000,75000,142500,165000,85000,127250,85000,125000,162500,112500,138250,159950,140000,110000,118000,112000,145000,134000,140000,85000,112500,119250,165000,168000,180000,195000,175000,169973,140000,159995,103000,110000,117000,127000,119250,118000,125000,136000,120000,125000,120000,195500,103000,128498,103250,118000,191500,119000,148500,140000,142000,147000,145000,178000,150000,150000,138000,138000,117725,132000,119000,144000,130000,149950,138000,120000,175000,148000,132000,130000,194975,135000,102000,125000,132000,130000,109950,140000,180000,175000,87000,136995,167500,124975,135000,170000,125000,169000,152000,130000,138000,154000,124000,148000,210950,189950,125000,119355,130000,110000,185000,125000,115000,184250,193500,143000,152500,184975,145000,168000,175000,145000,130000,170000,161000,237000,171700,127498,167500,215000,174995,169475,250000,180000,203500,165000,250000,160000,195000,195500,145000,250000,207000,225000,230000,250000,199225,305000,160000,250000,200000,220000,147125,160000,134000,150000,168000,135000,169950,175000,161000,121500,170000,160000,417500,400000,275000,420000,250000,345000,680000,275000,215000,200000,285000,290000,350000,499999,160000,290000,196000,275000,249000,200000,257750,225000,220000,250000,200000,230000,240000,270000,250000,230000,377750,210000,211000,210000,212000,165000,143750,161800,145000,182500,175000,150000,229950,300000,250000,208500,345000,346250,235000,167000,142500,210000,205000,215500,195000,238000,185000,190000,139950,249973,174995,222500,175000,220000,250000,175000,175000,171000,155000,168000,185000,250000,170000,150000,150000,212500,231000,188000,238000,248500,217500,210000,365000,250000,250000,310000,249000,247500,230000,250000,250000,288000,235000,183000,187000,240000,172000,237000,233000,175000,203500,190000,161000,175000,209950,330000,178950,140500,170000,147000,156000,185000,210000,173000,174950,175000,229500,183000,175000,175000,175000,250000,160000,139973,179995,172250,172500,160000,170000,175000,149970,140000,140000,123500,135000,130000,153000,165000,160000,125000,133000,98500,122500,166000,150500,91000,85000,107000,73250,112000,172250,120000,150000,138000,140000,124000,150000,195000,170000,212500,250000,249000,190000,190000,175000
2010,107995,125000,110500,105000,145000,117250,128000,120000,140000,140000,115000,109725,95000,105000,175000,163000,120000,150000,140000,99500,120000,118000,182000,204000,110000,125000,124000,110000,105000,112250,162000,109973,185000,112500,73000,150000,173950,84750,132000,84000,118000,177500,110000,142500,160000,140000,109250,112000,118000,147500,134000,145000,90000,115000,119475,177000,182500,200000,220000,200000,185000,143300,156950,101000,112000,119950,127715,120000,124000,126000,144973,125000,123000,120000,217500,100000,134000,102475,123995,215000,120000,144000,137750,148000,151000,154950,200000,152000,156000,149950,150000,120000,136000,117000,148375,140000,161500,147000,125000,189950,154000,135000,135000,218000,132500,108000,125000,133500,135000,110000,139998,200000,190000,86000,139995,172500,125000,140000,189975,124950,180000,160000,140000,136000,150000,125000,160000,235000,210000,130000,122500,133000,112000,213000,124000,110000,203000,212500,150000,157500,202750,150000,183000,195000,150000,132995,180000,170000,260750,189725,130000,181000,231000,188750,184995,268725,195000,221000,175000,290000,169000,212750,215000,155000,278000,222000,247500,249995,285000,225675,348000,167500,308000,220000,235000,156000,175000,132750,155000,181500,144000,183995,200000,175000,132000,185000,170000,479950,450000,292500,460000,290000,387996,750000,302000,235000,220000,314500,305000,380000,580000,170000,325000,215000,285000,275000,220000,279000,241000,245000,291000,221000,249999,249950,300000,289000,250000,400000,235000,230000,235000,243000,177014,152000,185000,150000,195000,190000,164973,245000,323000,274400,230000,360000,417500,255000,184000,146000,225000,220000,246500,211000,275000,200000,205000,145000,275000,190000,245000,204950,240000,295000,192000,205000,187000,165000,178000,205000,270000,180000,159000,160000,240000,250000,209500,260000,285000,249999,233475,395000,316250,305000,349975,284998,265000,245000,275000,305000,325000,264000,207000,212000,265000,185000,260000,249995,200000,236000,212000,174950,190000,230000,305000,190000,145000,186000,158000,163500,203000,226000,184950,185000,193000,249950,200000,189475,192500,204000,282250,179500,146500,194998,190000,184000,167000,178000,190000,150000,137000,149950,127750,135000,129000,165000,175000,165000,125000,129950,95469,124000,170000,159950,90000,85000,106000,75000,118000,192000,124999,152000,150000,139998,125000,155000,211000,180000,240000,316250,284998,212000,212000,190000
2011,100000,120000,104000,102000,135000,110000,124000,115000,130000,130000,104950,105000,93000,97000,170000,155000,115000,147750,129000,95500,120000,112995,170000,192250,105000,120000,127500,104500,105000,110000,158500,108000,185000,109850,75000,145950,155000,85000,125000,82950,115000,184995,112975,139500,157000,135000,105475,110500,107000,140000,135950,138500,88000,110000,112000,173500,175000,200000,215000,180000,184000,145000,158000,104975,110000,115000,122000,118000,117000,123000,140000,118000,119000,122000,204000,95000,125000,95000,117000,197500,117500,150000,143500,142500,155000,154000,187000,149000,157500,144995,150000,120000,130995,119000,144283,130000,152850,139000,119998,175000,154000,128000,135000,210000,128000,110000,123775,130000,130000,105000,138500,190000,180000,85000,135950,170500,123500,134000,174475,121125,170000,157000,135000,131000,142000,125000,152500,230000,205000,125950,122000,127000,110000,199500,124999,115000,202000,209998,141000,158250,200000,145000,178750,189500,150000,130000,180000,170000,264000,185000,132000,175000,242000,180000,185000,259500,190000,220000,177500,280000,173000,215750,208000,151500,272950,220000,241750,260000,280000,222000,340000,167500,296000,215000,241000,150000,168000,128000,150000,172000,138000,175000,190000,172500,130000,175000,167000,485000,465000,310000,465000,305000,399995,793025,310000,240000,219000,320000,300000,390000,602500,170000,325000,215000,300000,275000,220000,293000,240000,249995,294000,220000,249950,250000,300000,295000,250000,420000,233000,231500,224950,240000,170000,149500,175000,149000,190000,190000,160000,247000,327500,275000,230000,360000,390000,250000,174000,145000,230000,215000,230000,211354,260000,200000,204500,143000,285000,185000,243500,200000,234500,292500,178000,200000,185000,157000,180000,197250,282000,175000,156000,154000,235000,245000,210000,260000,270000,245000,237250,393950,320000,295000,341750,265000,270000,250000,275000,291475,325000,250000,202500,200000,265000,181250,268500,249475,195000,230000,206750,170000,184000,227000,335000,184000,142000,180000,150000,161000,205000,225000,182500,184000,185000,235000,190000,175000,183750,193000,250000,170000,140000,185000,182750,179725,163000,175000,175250,140000,132000,145000,125000,136998,130000,154995,168000,152500,125000,126950,97000,123000,165000,156000,89950,85000,110000,71500,118000,191000,125000,149000,150000,138500,125000,150000,211354,175000,235000,320000,265000,206750,206750,175250
2012,100000,119000,108000,107000,137000,115000,125000,118000,136000,135000,110000,110000,96000,92500,170000,160000,113250,147000,140000,96000,124000,112000,168000,194000,106000,123000,125000,107500,114995,115000,162000,107500,185000,110000,77500,150000,160000,88000,130000,85000,125000,172125,105000,135000,160000,135000,106000,110000,110000,138600,135000,140995,89995,110000,114950,179725,175500,200000,210000,185000,178500,142000,160000,105000,110000,119000,125000,115000,118000,124500,142495,120000,124000,120000,210000,99500,129261,96000,120000,199500,120000,150000,140000,149950,152500,158000,190000,145000,164000,138500,144500,122000,129000,120000,145000,135000,155000,129950,119995,180000,147250,135000,141000,214500,135000,110000,120000,133000,127000,105000,139700,193000,182500,87500,139995,169000,125000,135000,180500,124995,176350,157000,135000,134000,147000,127995,159475,245000,210000,128000,122500,129995,110000,200000,123000,117000,205000,200000,145000,162750,195000,146578,183500,196500,150000,132000,183250,167748,275000,186000,128000,180000,240000,190000,186250,271500,190000,222500,184850,286000,174000,210000,210000,152000,290000,232000,245000,259498,292000,230000,358000,167000,315000,226128,237500,155000,172500,134100,150000,171500,144250,177000,195000,170000,135000,178000,170000,500000,485000,325000,490000,315000,410000,892857,321250,249000,219000,332500,305000,415500,635000,174000,330000,210000,322500,277500,230000,310000,248000,245000,302000,221000,250000,265000,317500,290000,265000,430000,240000,241500,235750,245000,170000,153500,185000,150000,200000,197500,160000,247500,333000,277500,227000,370000,378000,262500,174000,153000,230000,216125,235000,223000,250000,207000,213000,145000,295000,186250,246000,200000,237500,295000,190000,205000,197500,160000,181500,205000,290000,178500,158000,155000,239000,250000,211500,278000,276500,250000,240000,410000,317750,310000,371814,275000,250000,250000,288000,285000,335000,260000,215000,210000,270000,187500,273000,250000,200000,230000,210000,174000,185000,230000,340000,184000,143000,185000,150000,158000,200000,220250,186000,180000,193000,238000,195000,179950,192500,200000,265000,165000,142000,190000,189995,180000,168000,175000,182000,150000,137500,139950,125000,140000,137000,155000,162250,155000,125000,125000,95000,120500,168500,158000,90000,83000,110000,70000,120000,190000,125000,145000,144500,139700,127995,150000,223000,178500,239000,317750,275000,210000,210000,182000
2013,105000,120000,115748,110000,140000,120000,129995,124950,136000,137000,115000,110000,98475,95000,177000,165000,124000,152000,145000,99500,124000,115000,172250,192900,110000,124500,128500,110000,115000,114000,165000,113500,195000,114000,73000,148000,165000,89000,132000,85000,124000,182000,115750,144000,161250,134250,110000,111000,114000,140000,135000,142750,92000,110000,118000,182000,169000,200000,219000,187500,184999,140000,159997,105000,112000,125000,125000,120000,120000,125000,145000,121000,129950,123000,209000,99995,131500,98000,125000,219000,122500,148500,145000,148998,158000,160000,195000,150000,160000,159000,145000,124000,132500,120000,145000,137500,155000,142500,130000,190500,154000,136250,142748,224000,137000,113000,123995,135999,133000,110000,147000,200000,185000,90000,142500,172248,125000,140000,180000,128000,173000,160000,135000,138500,150000,129000,165000,245000,220000,132950,126500,132000,110000,210000,125000,118250,206000,207000,154000,163000,197000,150000,187500,205000,155000,140000,185000,175000,308500,195000,132625,185000,249950,192000,190000,275000,200000,230000,188000,305000,180000,217000,221500,155000,296750,237000,250000,273000,310000,227500,360000,173000,340000,235000,249000,157250,179950,135000,155995,183000,147500,182000,195000,175000,138000,182250,175500,585000,615000,375000,561440,339800,465000,980000,350000,260000,230000,350000,329325,465000,725000,180995,345000,225000,347500,295000,239950,326475,250000,275000,325000,232500,269950,280000,335000,320500,274998,475000,250000,265000,245000,250000,174000,160000,188000,154000,205000,210000,160000,249999,338000,285000,237500,376000,390000,282500,172500,155000,235000,225000,240000,225000,270000,210000,212500,150000,300000,199995,245000,208500,234000,309975,197000,210000,200000,168750,187875,210000,285000,180000,167000,157500,249950,250000,220000,287500,285000,250000,245000,430000,327000,315000,376000,290500,280000,265000,299950,310000,340000,270000,218000,217500,275000,205000,285000,270000,201000,237500,215000,177950,185000,232000,275000,191000,146000,190000,157000,162000,200000,217725,190000,189995,191750,241000,199950,178000,192250,205000,275000,165000,148000,195000,198500,185000,166725,175000,184000,143000,135750,144950,125000,137995,129950,160000,163000,151000,120000,125000,99000,126950,175000,165000,92000,87000,114950,72000,120000,185000,128373,150000,145000,147000,129000,155995,225000,180000,249950,327000,290500,215000,215000,184000
2014,110000,125000,120000,120000,149000,123000,134950,125000,143000,146000,124950,116500,102995,100000,185000,172500,124950,157250,148250,105250,124950,116000,175000,205000,115000,135000,134923,116375,120000,120000,175000,118000,200000,119000,85000,154973,173000,86000,138500,92000,124000,193500,120000,150000,168000,137500,112500,118000,122500,147000,140000,150000,99000,119000,122225,194347,176000,210000,225000,184000,185000,145000,163000,114999,119250,125000,133500,120000,125000,126000,150000,125000,134950,125000,220000,110000,136000,110000,130000,220500,128000,151375,150000,163500,170000,170000,221995,165000,170000,167500,156500,130000,139000,125000,157500,148350,169000,150300,133000,207450,159995,151000,157950,245000,145000,122000,125000,140000,144000,115000,147998,210500,190000,95555,146000,178500,132000,149950,192000,130000,180000,166998,143000,145000,156750,135000,184950,250000,239250,138000,135000,140000,118705,220000,135000,124995,225000,218000,165000,170000,218000,155000,205000,225000,168000,150000,203000,192500,350000,214950,141000,198500,268500,210000,210000,308000,220000,249999,195000,340000,200000,238000,240000,163000,315000,250000,280000,291000,366000,249995,414700,197500,360000,255000,270000,170000,195000,140000,163500,195000,159950,195000,218000,184997,153000,195000,192000,675000,769100,430000,661500,405000,535000,1197500,420000,315000,250000,420000,384975,532500,875000,215000,400000,250000,385000,335000,265000,387525,285000,317500,370000,250000,305750,319950,385000,385000,300000,534995,285000,320000,265000,275000,179000,171000,209950,163500,229950,225000,170000,263000,390000,325000,250000,425000,480750,295000,190000,165000,250000,235000,250000,240000,295000,225000,229995,159950,335000,219995,260000,229950,243000,328000,220000,229475,220000,186000,206467,227500,328000,187000,180000,174975,275000,267000,247500,315000,300000,278000,264000,460000,365475,345000,399950,326500,320500,287250,320000,340000,370250,301500,241000,230000,295000,227500,317500,296000,227748,249950,225500,194000,193187,240000,235000,205000,158000,205000,165000,169375,217500,230000,203250,190000,199951,250000,210000,189000,195000,217000,295000,170000,158000,210000,211500,195000,170000,185000,193000,150000,138000,149000,125000,143950,135000,160000,165000,154998,125000,132000,103000,131250,180000,167446,96250,89000,120000,75500,120000,207000,140000,165000,156500,147998,135000,163500,240000,187000,275000,365475,326500,225500,225500,193000
2015,110000,131000,124000,129750,155000,127500,135000,129950,151510,155000,129950,120000,103000,103000,193750,182500,128000,165000,145000,110000,130000,120000,185000,211000,120000,146995,143000,119250,124950,129995,183000,125000,220000,125000,78250,162950,184950,92000,144500,90000,125750,203250,122850,151000,169995,140000,119000,120000,124000,151000,145000,155000,100000,120000,125000,213250,185000,215000,248250,190500,197500,150000,171998,115000,125000,131000,138000,125998,130000,135000,157000,130000,138000,135000,240000,115000,153500,114998,134000,225250,135000,163000,165000,170000,176000,179950,233000,172000,172500,172995,167000,138000,147500,130000,168000,155000,178500,150000,150000,228500,179000,162500,169950,270000,165000,125000,134995,149000,150000,122000,155000,235500,205000,100000,152000,185000,138000,160000,200000,134000,190000,179500,154000,150000,173000,145000,187500,275000,260000,145000,145000,147500,124950,240000,135000,128000,245000,225500,170000,181000,232995,156950,229995,246000,193000,155000,221000,225000,405000,240000,150000,215000,320000,230000,230000,340000,247750,274995,217250,380000,227500,250000,270000,175000,341143,290000,325000,327000,395000,288000,450000,227500,420000,300000,305000,182500,215000,149995,173000,210000,165250,210000,232000,204000,157000,215000,210000,705000,800000,490000,730000,439498,580000,1175000,460000,360000,310000,475000,425000,560000,890000,245500,450000,285000,415000,375000,306000,432000,331000,351580,400000,287500,352500,355000,413500,420000,350000,577500,320000,371950,290000,300000,187500,191500,232000,173975,252000,255000,182500,300000,420000,379475,274500,470000,500000,330000,202500,171000,278500,249999,275000,250000,318000,244950,245000,167500,370000,230000,285000,250000,267000,357000,233000,245000,253000,195000,230000,250000,350000,205000,195738,180000,295000,315000,270000,350000,330000,310000,285000,505000,425000,379950,442000,355000,350000,325500,350000,381938,400000,345000,265000,245000,317000,250000,345000,325000,247000,270000,242000,215000,200000,252500,280000,215000,162000,230000,182000,177000,230000,240000,221000,202000,217000,274975,218000,199950,215000,225000,318000,183500,165000,225000,227000,212500,180000,190000,202250,157000,145000,146375,135500,154995,141000,164000,168000,157000,130000,133000,108000,137250,189950,172000,106000,89000,118500,78000,122000,210000,150000,172000,167000,155000,145000,173000,250000,205000,295000,425000,355000,242000,242000,202250
2016,112000,132500,119950,130000,158250,130000,137500,129500,157000,157000,132000,120000,105000,106000,205000,188000,135000,169950,145000,116250,132000,121000,185000,218000,125000,150995,150000,123000,125000,145000,199950,128000,237950,125000,86000,165000,191995,100000,152500,98500,132500,209500,125000,155000,181500,148000,120000,120000,130000,158500,150000,163000,108000,125000,127500,220000,190000,222500,258000,195000,212250,149995,183000,118722,127500,133000,142500,130000,135000,139950,165000,139995,143500,144000,244998,124000,156250,121000,135000,235000,138000,170000,168000,178000,198000,190000,242000,175000,192250,182000,180000,140000,150000,140000,176000,164995,186950,155000,154995,255950,193250,175000,180000,282725,169995,135000,140000,160000,154950,127500,162248,251025,205000,105000,159995,199950,149950,160000,210995,136250,199000,187000,153000,166000,180000,153000,201450,290000,280000,153500,155000,150000,128000,246000,140003,134500,259950,247000,176250,180975,246750,165000,245000,272000,221000,165000,242000,260000,420000,260000,163000,230000,348500,270000,255000,400000,270000,314000,238250,415000,262500,288000,302000,194000,370000,325000,340000,362500,445000,324950,500000,250000,455000,344000,367250,199950,225000,155000,187500,220000,175350,230000,250000,215000,170000,230000,225000,734500,833200,536959,730000,460000,620000,1200000,507700,386375,355000,515000,470000,644000,1022000,290000,477450,327500,445000,420000,338000,465000,385000,395000,460000,332000,400000,380000,460000,450000,390000,605000,347500,421500,330000,325000,191000,220000,252000,189998,280000,288000,194995,330000,460000,415000,309995,515000,540000,352636,221500,195000,297000,265000,294995,280000,345000,264000,262750,182000,394400,250000,300000,282000,282975,370000,250000,270000,288000,213995,263000,272000,375000,225000,225000,202500,325000,332500,300000,375000,365000,330000,315000,537500,455000,420000,475000,387000,379975,385000,379250,399950,430000,380000,290000,266500,343000,271000,359950,357000,264000,305000,250000,242000,210000,268000,305000,230000,165625,245000,196000,183000,245000,247000,230000,212500,219999,275000,231875,200000,215000,240000,335000,190000,177000,232750,240000,235000,192500,200000,204000,163000,145000,150000,136500,155950,143000,167500,173500,160000,135000,139000,105000,145000,195000,180000,110000,90000,120000,80000,128500,215000,155000,175000,180000,162248,153000,187500,280000,225000,325000,455000,387000,250000,250000,204000
2017,114950,138000,124950,125500,160000,130000,144000,132000,155000,168000,134000,124995,110500,112250,220000,199995,140000,178000,160000,119950,139500,125000,187225,229950,128000,159950,163995,127500,129995,157500,205000,137995,250000,132000,91498,170000,197500,102500,150000,105000,140000,219950,133000,158000,180000,151998,129995,125000,132000,164000,157000,172500,111000,129000,134000,229000,199975,227500,267995,194950,215000,157500,190000,125000,129995,134950,150000,132500,135000,145000,170000,146000,147500,157000,249995,130000,163000,125000,148000,245000,145000,185000,175000,197500,207975,204950,260000,193950,192500,197495,189250,150000,160000,143785,188000,175000,199000,170000,179973,270000,212750,193000,195000,295000,192000,137500,148000,165000,168750,130000,170000,265000,220000,110000,163000,210000,161000,174998,229000,134950,218500,196500,161625,175250,190500,162500,218250,300000,290000,165000,167000,158000,138000,265000,149950,140000,268500,256625,195000,189000,262500,174725,270000,300000,240000,174250,267500,275995,430000,275000,179475,260000,366745,282500,266000,415000,293000,335000,265000,442500,280750,320000,330000,224000,394995,340000,385000,385000,448250,335000,524000,270000,465000,365000,370000,214000,240000,169995,205000,245000,187000,245000,274995,232995,185000,260000,239995,760000,844975,535000,780000,540000,615000,1350000,520000,427500,392500,530000,490000,651400,1040000,300000,530000,340000,497500,439000,365000,480000,405000,420750,500000,350000,415000,399950,485000,470000,420000,640750,365000,445000,330000,350000,202000,235000,270000,204995,305000,315500,210000,339950,485000,422500,328000,545000,565000,376500,230000,208000,315000,278000,310000,310000,363000,287000,285000,202000,396500,262000,322500,300000,300000,417500,270000,289623,305000,232500,283000,298000,387000,249950,239950,220000,342000,363000,303999,400000,385000,345000,335000,570000,472750,430000,500000,395000,400000,385000,405000,420000,435000,407750,300000,280000,357750,285000,372000,366000,280000,319013,267500,259000,219950,283250,325000,242500,170000,260000,220000,192500,265000,265000,244000,225000,230000,285000,238248,211250,218500,260000,348950,205000,185975,259500,257500,246000,208000,213623,218950,166000,154000,158000,140725,159995,147500,175000,180000,164000,135000,139995,110000,149995,213500,185000,110000,95000,125000,82000,135000,228500,157500,193950,189250,170000,162500,205000,310000,249950,342000,472750,395000,267500,267500,218950
2018,118000,141000,125000,133500,167500,132000,145000,139995,161995,169950,138500,128000,120000,110000,235000,195500,139950,184725,165000,125000,140000,125000,209950,225000,135000,167500,173000,130000,133000,160186,225000,140000,263000,138000,90000,166000,195995,100000,153000,105500,145000,217250,130000,164975,190000,155000,139995,125000,133417,169950,160000,179950,115000,130000,140000,237000,198520,229000,271550,211000,225000,158000,205000,130000,130000,140000,159950,136000,142500,150000,177000,153995,156000,171000,264950,138000,174000,130000,150000,264800,157500,189950,182000,210000,220000,215000,277500,200000,210000,210000,205500,158000,167000,149000,193000,185000,217000,175000,187500,285000,225000,205000,205000,310000,210000,145000,156500,177000,178000,136995,180000,272248,235000,116000,167250,218000,165000,179950,240000,145000,215000,202750,164050,193000,204975,179950,245000,315000,305000,175000,179950,164000,149000,273000,156748,149995,285000,274598,207750,197500,271000,185000,282000,315000,245000,186000,280000,285000,430000,279998,185000,270000,359950,295000,280000,425000,300000,345000,275000,450000,278500,320000,335000,230000,420000,350000,377500,390000,450000,335000,535000,274950,470000,365000,370000,220000,250000,175000,210000,245000,192000,255000,275000,236000,195000,265000,250000,780000,923080,550000,768000,520000,600000,1425000,525000,419389,415000,572500,480000,620000,1020000,310000,505450,350000,495000,438000,380000,470000,400000,430000,473000,360000,415000,410000,490000,475000,430000,638725,385000,445250,340000,350000,205000,243000,284500,213500,306500,320000,210000,346246,465000,420000,336125,550000,570000,375000,239975,220000,320000,285000,319950,321000,370000,295000,285000,205000,395000,265000,322500,295000,305000,404000,285000,299995,307500,245950,295000,312500,410000,250000,245000,238000,347500,375000,315000,392500,390000,349995,340000,570000,472000,447000,490000,408000,397750,387500,415000,415000,485000,390000,312500,290000,370000,295750,382500,370000,295000,327500,275000,265000,225000,285000,360000,252000,178000,270000,230000,195000,271278,280000,250000,236000,239950,297998,250000,219950,235000,271750,355000,220000,193000,270000,269995,261975,215000,219995,225000,170000,153000,160000,146000,161000,156000,180000,178000,170000,138000,142500,115000,152000,220000,200000,110000,94500,129625,85000,147500,245000,166748,200000,205500,180000,179950,210000,321000,250000,347500,472000,408000,275000,275000,225000
