year,hartlepool,middlesbrough,redcar cleveland,stockton-on-tees,darlington,halton,warrington,blackburn with darwen,blackpool,kingston upon hull,east riding of yorkshire,north east lincolnshire,north lincolnshire,york,derby,leicester,rutland,nottingham,herefordshire,telford wrekin,stoke-on-trent,bath north east somerset,bristol,north somerset,south gloucestershire,plymouth,torbay,swindon,peterborough,luton,southend-on-sea,thurrock,medway,bracknell forest,west berkshire,reading,slough,windsor maidenhead,wokingham,milton keynes,brighton hove,portsmouth,southampton,isle of wight,county durham,cheshire east,cheshire west chester,shropshire,cornwall,isles of scilly,wiltshire,bedford,central bedfordshire,northumberland,bournemouth,dorset,aylesbury vale,chiltern,south bucks,wycombe,cambridge,east cambridgeshire,fenland,huntingdonshire,south cambridgeshire,allerdale,barrow-in-furness,carlisle,copeland,eden,south lakeland,amber valley,bolsover,chesterfield,derbyshire dales,erewash,high peak,north east derbyshire,south derbyshire,east devon,exeter,mid devon,north devon,south hams,teignbridge,torridge,west devon,eastbourne,hastings,lewes,rother,wealden,basildon,braintree,brentwood,castle point,chelmsford,colchester,epping forest,harlow,maldon,rochford,tendring,uttlesford,cheltenham,cotswold,forest of dean,gloucester,stroud,tewkesbury,basingstoke,east hampshire,eastleigh,fareham,gosport,hart,havant,new forest,rushmoor,test valley,winchester,broxbourne,dacorum,hertsmere,north hertfordshire,three rivers,watford,ashford,canterbury,dartford,dover,gravesham,maidstone,sevenoaks,folkestone,swale,thanet,tonbridge,tunbridge wells,burnley,chorley,fylde,hyndburn,lancaster,pendle,preston,ribble valley,rossendale,south ribble,west lancashire,wyre,blaby,charnwood,harborough,hinckley,melton,north west leicestershire,oadby,boston,east lindsey,lincoln,north kesteven,south holland,south kesteven,west lindsey,breckland,broadland,great yarmouth,king's lynn,north norfolk,norwich,south norfolk,corby,daventry,east northamptonshire,kettering,northampton,south northamptonshire,wellingborough,craven,hambleton,harrogate,richmondshire,ryedale,scarborough,selby,ashfield,bassetlaw,broxtowe,gedling,mansfield,newark,rushcliffe,cherwell,oxford,south oxfordshire,vale of white horse,west oxfordshire,mendip,sedgemoor,south somerset,cannock chase,east staffordshire,lichfield,newcastle-under-lyme,south staffordshire,stafford,staffordshire moorlands,tamworth,babergh,ipswich,mid suffolk,elmbridge,epsom,guildford,mole valley,reigate,runnymede,spelthorne,surrey heath,tandridge,waverley,woking,north warwickshire,nuneaton,rugby,stratford-on-avon,warwick,adur,arun,chichester,crawley,horsham,mid sussex,worthing,bromsgrove,malvern hills,redditch,worcester,wychavon,wyre forest,st albans,welwyn hatfield,east hertfordshire,stevenage,east suffolk,west suffolk,somerset west,bolton,bury,manchester,oldham,rochdale,salford,stockport,tameside,trafford,wigan,knowsley,liverpool,st. helens,sefton,wirral,barnsley,doncaster,rotherham,sheffield,newcastle upon tyne,north tyneside,south tyneside,sunderland,birmingham,coventry,dudley,sandwell,solihull,walsall,wolverhampton,bradford,calderdale,kirklees,leeds,wakefield,gateshead,city of london,barking dagenham,barnet,bexley,brent,bromley,camden,croydon,ealing,enfield,greenwich,hackney,hammersmith fulham,haringey,harrow,havering,hillingdon,hounslow,islington,kensington chelsea,kingston upon thames,lambeth,lewisham,merton,newham,redbridge,richmond upon thames,southwark,sutton,tower hamlets,waltham forest,wandsworth,westminster,clackmannanshire,dumfries,east ayrshire,east lothian,east renfrewshire,na h-eileanan siar,falkirk,highland,inverclyde,midlothian,moray,north ayrshire,orkney islands,scottish borders,shetland islands,south ayrshire,south lanarkshire,stirling,aberdeen city,aberdeenshire,argyll,edinburgh,renfrewshire,west dunbartonshire,west lothian,angus,dundee city,north lanarkshire,east dunbartonshire,glasgow city,fife,perth,isle of anglesey,gwynedd,conwy,denbighshire,flintshire,wrexham,ceredigion,pembrokeshire,carmarthenshire,swansea,neath port talbot,bridgend,vale of glamorgan,cardiff,rhondda cynon taf,caerphilly,blaenau gwent,torfaen,monmouthshire,newport,powys,merthyr tydfil,christchurch,poole,deane,hythe,malling,bosworth,wigston,west norfolk,sherwood,ewell,banstead,bedworth,taunton,galloway,bute,kinross
2004,77.0,79.7,82.5,109.4,104.7,125.0,99.6,73.4,86.1,86.8,101.0,79.5,99.6,116.6,111.0,76.3,98.9,78.1,78.9,93.9,75.6,83.4,86.0,91.4,125.4,81.1,77.3,120.8,102.3,97.6,74.7,105.0,89.3,137.5,134.4,111.6,185.1,127.0,146.1,125.3,85.7,87.1,95.5,82.6,87.7,125.0,104.9,84.2,80.1,112.2,97.6,87.3,96.9,82.8,99.8,90.9,101.4,116.4,143.2,109.1,97.5,110.9,82.9,92.3,111.6,91.7,81.9,88.2,93.1,96.6,86.5,86.3,130.2,79.4,77.9,62.4,84.0,77.5,126.3,96.0,99.6,72.2,84.1,91.8,81.9,82.2,68.6,77.9,76.7,83.9,79.1,86.5,116.7,87.6,121.5,79.9,101.0,82.4,124.7,118.4,86.5,78.7,88.3,89.6,83.7,129.5,93.3,90.0,88.5,105.1,143.4,94.8,108.1,89.1,89.5,146.3,106.9,119.4,100.7,91.8,108.8,118.0,109.8,118.9,97.5,163.5,118.1,89.4,90.5,124.6,96.6,77.4,81.0,108.8,99.2,103.0,78.4,111.9,105.6,90.5,77.5,97.8,86.1,102.1,156.4,71.7,87.1,71.8,117.2,92.5,83.4,113.6,101.5,97.9,76.1,88.3,98.9,77.3,77.3,73.1,78.8,107.3,87.2,86.4,87.9,80.0,93.1,90.9,89.0,75.7,67.2,105.2,76.0,90.6,78.2,81.6,82.5,92.6,81.8,75.9,92.4,92.1,78.5,67.5,82.8,125.1,93.6,84.9,108.7,98.5,63.3,85.7,92.2,105.9,90.8,109.0,112.1,90.4,82.2,78.8,85.4,94.2,105.8,109.7,78.0,87.2,79.9,83.4,72.6,87.9,104.1,90.0,130.3,114.2,101.8,146.4,191.4,153.7,121.9,109.9,88.3,117.0,122.4,122.7,68.2,110.1,104.5,108.4,91.2,80.1,101.5,97.3,116.4,89.0,112.1,117.3,92.4,62.1,84.9,78.7,64.7,98.1,110.9,111.0,117.1,90.7,102.0,86.6,91.2,89.8,96.1,72.3,79.2,91.1,88.3,73.0,105.8,82.1,91.9,96.9,86.8,74.9,89.0,84.4,75.2,73.1,86.4,84.8,104.6,78.6,95.4,88.3,97.2,76.8,79.2,116.8,67.4,88.2,79.4,82.7,74.4,100.4,89.7,87.8,217.0,122.5,117.1,140.0,110.7,127.0,118.6,113.4,111.5,125.0,132.6,96.6,95.5,85.4,123.9,113.6,127.3,159.1,144.9,98.6,113.2,115.9,90.4,123.5,115.3,112.9,132.8,119.7,116.7,201.3,103.5,91.1,138.7,109.7,81.2,77.3,88.4,78.5,102.8,109.4,97.3,83.1,80.4,100.0,78.4,116.0,71.1,106.2,74.6,72.0,109.6,98.8,111.7,88.2,112.0,87.0,91.1,113.6,91.1,87.2,90.0,83.2,82.6,91.7,109.0,84.8,89.2,75.6,75.0,80.8,95.0,77.0,93.1,73.6,80.8,83.0,97.2,92.5,88.0,76.0,89.1,77.1,77.0,91.8,89.0,66.7,91.3,99.8,99.8,143.4,99.2,111.9,76.1,77.3,89.0,85.7,114.2,191.4,68.2,86.6,81.2,88.2,109.0
2005,76.6,80.0,81.4,110.7,101.9,124.2,99.5,73.2,84.7,88.6,100.7,80.4,100.1,115.9,110.7,76.5,97.0,78.7,78.1,92.6,76.5,84.2,85.4,90.1,124.9,81.1,77.2,121.5,101.8,97.4,74.3,104.7,89.7,135.7,133.7,112.4,184.0,126.6,145.8,124.5,86.8,88.3,97.1,81.5,88.0,125.4,106.1,83.4,79.2,118.2,96.9,87.4,96.3,82.6,98.8,89.8,101.6,115.9,142.2,110.8,97.1,105.0,81.3,90.8,110.2,90.3,83.0,88.4,94.3,95.0,86.6,85.5,127.0,79.4,76.8,62.3,83.4,78.5,125.1,93.2,100.1,72.2,83.8,91.5,81.7,83.3,67.7,77.8,75.6,84.9,77.6,84.4,116.8,87.5,123.1,78.4,101.2,83.5,125.0,117.8,86.4,78.5,88.2,89.7,85.6,131.4,92.4,90.8,87.0,106.4,142.7,93.3,107.0,88.8,88.2,144.7,108.1,116.8,102.8,91.5,108.2,120.2,110.0,118.5,98.7,160.3,117.2,89.4,89.7,123.6,95.4,78.9,81.1,110.7,97.9,102.7,78.5,113.0,107.9,92.1,76.6,96.7,86.5,101.9,156.0,71.6,85.9,72.8,115.6,91.1,82.5,112.0,100.6,96.3,77.0,87.6,98.2,76.4,74.7,72.3,78.2,106.1,85.2,85.1,85.8,80.1,93.6,90.6,88.6,76.9,66.6,104.9,75.1,89.6,77.6,82.4,83.3,91.1,81.9,74.0,91.6,90.4,76.8,65.5,82.0,124.4,93.3,84.1,108.0,97.2,63.5,82.1,90.7,106.5,90.2,108.7,112.8,87.7,81.8,78.6,83.3,93.6,106.9,107.8,78.4,86.8,78.5,82.0,72.6,86.9,106.9,89.8,128.8,114.7,99.4,146.0,192.3,152.7,121.7,111.1,87.2,116.5,123.6,119.2,68.4,109.7,104.6,108.2,90.5,79.7,99.5,98.2,116.5,89.0,111.4,115.6,91.1,61.9,85.7,78.0,65.3,97.2,110.2,111.5,118.6,90.8,102.6,86.8,91.3,89.4,97.2,73.2,78.4,92.2,88.2,74.1,106.9,81.3,91.1,96.9,86.3,75.8,89.6,85.6,74.9,73.3,87.0,84.1,103.2,77.8,93.9,88.1,96.1,76.5,77.3,116.0,67.1,86.3,79.5,83.8,74.6,101.2,88.9,88.4,223.6,122.9,116.0,141.8,111.6,126.9,118.9,114.2,110.6,126.1,129.7,97.9,94.3,84.6,123.0,115.5,126.4,162.0,144.6,99.0,112.7,119.8,91.9,126.3,114.9,115.1,132.1,118.5,116.8,202.5,104.9,92.1,139.2,110.6,79.7,76.5,88.5,77.4,103.2,109.7,94.7,82.5,79.0,98.8,78.5,114.7,70.0,106.6,73.7,71.8,107.9,100.6,112.1,86.8,112.1,85.7,90.2,112.6,91.2,86.9,88.2,82.5,82.9,91.7,109.0,82.6,89.0,75.0,75.0,79.9,95.1,76.2,90.7,73.2,80.1,83.4,96.5,93.1,88.3,75.8,87.2,76.6,77.0,92.4,88.8,66.4,90.1,98.8,98.8,142.7,97.9,113.0,77.0,76.4,88.6,82.1,114.7,192.3,68.4,86.8,79.7,86.8,109.0
2006,76.1,79.9,79.4,112.1,96.1,122.9,99.4,72.6,82.0,92.3,100.1,81.5,101.8,114.5,110.1,77.2,93.4,80.2,76.6,90.5,78.4,85.4,85.3,88.4,124.4,81.0,77.3,125.3,100.1,98.0,74.8,104.1,91.0,133.8,132.1,113.2,182.2,125.9,144.6,122.3,88.5,90.6,100.6,80.0,88.6,124.6,107.3,82.5,77.2,125.1,96.1,87.8,95.4,81.6,97.5,88.9,100.7,114.7,138.6,112.6,96.3,98.6,80.0,89.4,108.5,87.0,85.5,88.0,96.5,90.8,85.7,84.5,122.3,79.0,75.7,62.8,82.6,79.3,123.0,89.4,101.3,73.1,84.5,90.6,81.2,83.1,67.1,77.8,74.9,86.3,74.7,81.4,116.7,87.6,123.5,76.4,101.5,85.0,125.8,114.7,85.2,78.4,86.5,89.2,87.3,132.2,90.0,91.4,83.1,107.6,140.8,90.9,105.1,86.9,86.3,142.2,110.4,112.2,106.2,91.0,107.2,123.2,109.5,116.6,99.9,155.1,116.2,89.2,88.3,121.0,93.4,81.7,81.6,113.8,95.3,103.9,78.4,114.5,111.5,93.8,76.5,94.9,86.8,100.5,152.9,71.9,84.0,74.7,114.6,90.4,81.6,111.0,98.1,94.0,80.3,87.0,97.0,75.8,72.3,71.6,78.0,104.5,82.0,83.6,82.5,80.6,94.9,91.3,87.0,78.4,66.4,103.3,75.3,88.5,77.1,83.7,84.8,89.4,82.5,70.9,93.0,88.0,74.1,63.9,81.3,122.7,92.9,82.2,106.7,95.7,63.9,79.1,90.6,107.9,89.4,108.1,114.0,84.8,81.6,78.7,80.6,91.1,108.3,103.6,78.8,85.6,76.5,79.1,72.3,85.6,109.3,89.1,127.1,116.3,97.2,144.4,194.4,154.1,121.6,113.2,85.1,115.8,125.5,111.0,68.6,110.0,103.6,107.2,90.8,79.1,97.0,99.9,115.9,88.7,112.1,112.9,89.0,63.4,86.6,76.9,66.3,94.4,107.6,112.7,120.3,90.8,103.4,85.9,91.9,88.3,98.1,74.7,77.3,93.2,87.8,76.7,108.9,80.6,89.4,96.7,85.0,77.3,90.4,87.1,75.0,74.3,87.5,83.0,101.6,76.8,91.8,88.0,94.6,76.8,75.0,115.8,67.0,82.9,79.6,84.1,75.4,102.1,87.6,88.8,231.6,124.6,113.6,143.8,113.0,125.5,118.8,114.8,109.9,127.5,126.2,99.5,94.0,83.8,123.4,117.4,124.9,167.2,144.1,100.8,112.0,125.8,93.4,130.1,115.5,117.9,130.5,114.7,115.2,204.4,108.7,92.8,140.1,111.7,77.5,75.4,87.8,77.1,99.9,109.0,90.4,82.3,77.2,96.7,79.4,115.4,68.7,108.9,71.3,71.9,105.6,104.1,113.9,84.3,111.9,83.8,88.1,111.2,90.8,86.6,85.6,81.5,83.2,93.2,109.1,79.4,88.9,73.1,75.2,78.5,94.6,74.4,87.1,73.0,80.3,84.0,95.5,94.4,89.1,76.5,84.8,76.1,77.0,92.9,87.9,65.1,87.6,97.5,97.5,140.8,95.3,114.5,80.3,75.8,87.0,79.1,116.3,194.4,68.6,85.9,77.5,84.3,109.1
2007,76.4,79.3,79.2,113.6,90.2,122.6,99.2,71.7,78.3,96.7,98.6,81.4,102.5,112.3,109.6,78.1,88.8,82.0,73.9,89.6,80.0,86.8,86.3,87.3,124.9,81.0,77.8,131.1,97.6,98.7,74.9,102.2,93.3,134.6,129.8,115.6,179.7,126.2,143.0,119.4,89.9,93.0,105.8,79.4,89.4,122.0,108.4,82.1,75.3,125.3,95.0,89.8,95.1,79.5,96.8,86.9,99.7,113.4,133.3,114.0,96.4,95.9,79.3,88.7,106.9,84.6,86.5,86.6,96.7,84.8,83.1,83.8,117.2,78.2,73.8,63.2,80.8,78.3,122.0,87.1,102.4,73.2,85.0,89.4,78.9,80.6,66.5,77.9,76.2,85.6,70.9,79.3,115.5,87.4,121.8,73.5,101.0,87.0,126.8,110.2,83.1,78.7,84.9,89.4,89.4,133.8,87.7,91.8,78.2,106.1,140.2,89.1,102.3,84.8,84.3,142.6,112.6,107.0,110.6,90.9,107.1,124.9,108.3,114.4,100.6,151.6,113.8,87.9,87.0,116.0,92.2,82.5,82.3,113.1,93.3,103.6,77.5,115.4,113.8,93.3,76.8,94.1,87.1,97.6,146.4,73.0,81.6,77.2,112.7,89.1,80.4,111.1,96.0,92.4,84.5,86.6,95.9,76.2,70.3,71.2,77.5,102.8,78.2,82.6,79.8,81.8,95.3,92.4,85.4,79.0,68.5,101.2,76.1,85.7,76.5,83.3,86.3,86.5,83.3,68.5,93.8,85.3,71.9,63.5,79.9,121.0,91.7,79.4,102.5,93.8,63.2,77.1,93.2,109.7,89.2,105.7,115.4,83.1,81.4,79.5,77.9,87.8,107.1,98.4,79.0,84.1,74.7,75.8,73.5,85.8,110.6,88.1,124.4,115.6,96.3,142.6,197.0,156.1,122.3,113.2,83.2,114.8,126.7,101.8,68.5,109.5,99.7,105.2,91.9,78.6,94.4,102.6,115.8,89.6,113.7,110.4,87.6,66.8,86.5,75.4,68.1,90.5,103.7,115.6,118.3,90.6,104.6,83.9,92.6,87.1,100.0,75.9,76.3,93.5,87.2,78.6,110.1,80.7,88.4,97.0,83.6,79.8,90.5,87.7,75.3,75.6,88.1,82.3,100.1,75.3,90.5,88.7,93.3,76.2,73.1,115.8,67.7,79.1,79.1,83.9,76.6,103.2,85.6,88.1,238.7,126.3,110.1,144.7,114.4,124.1,118.0,116.0,109.8,126.8,122.2,99.2,93.9,84.7,123.3,119.0,121.8,170.0,142.3,102.7,112.1,131.0,94.1,133.6,117.7,118.1,128.1,110.2,113.7,207.4,111.4,93.7,141.0,111.1,75.3,75.1,87.6,75.5,97.5,107.4,87.0,83.1,76.6,96.8,81.4,115.4,67.4,109.2,69.7,73.1,104.2,108.2,116.5,83.2,112.4,82.2,85.4,109.7,89.3,85.8,84.1,80.0,83.7,95.5,107.0,77.4,88.4,70.4,74.5,77.4,94.3,73.1,82.0,71.9,81.8,83.4,93.5,95.4,90.1,77.7,82.1,75.2,77.2,93.0,87.3,63.7,84.6,96.8,96.8,140.2,93.3,115.4,84.5,76.2,85.4,77.1,115.6,197.0,68.5,83.9,75.3,83.2,107.0
2008,77.2,79.3,79.8,113.6,85.6,124.5,97.7,72.1,75.4,99.9,96.5,80.2,102.8,109.1,109.8,79.5,85.7,82.8,71.5,89.3,80.5,87.5,88.8,86.5,125.1,81.5,78.4,137.8,96.2,100.3,76.4,100.7,95.7,139.4,126.8,118.9,176.5,127.9,140.8,117.4,90.6,93.8,111.5,80.4,90.1,118.2,108.6,81.6,73.3,115.9,94.8,92.3,95.9,77.2,96.8,85.5,98.9,114.3,127.5,115.3,97.3,98.2,80.3,88.2,104.8,83.5,86.3,85.5,95.5,80.4,80.6,85.1,113.9,79.2,73.2,64.6,78.8,76.7,122.2,87.0,102.0,73.0,85.8,87.9,77.1,75.3,66.1,77.8,79.5,83.5,67.9,78.1,114.4,89.1,117.8,73.4,100.2,87.2,127.7,105.0,80.0,77.9,83.3,89.7,90.2,133.2,86.1,91.4,74.3,103.0,141.0,88.1,101.2,83.0,84.1,146.8,113.6,104.5,114.9,92.1,107.7,122.5,106.9,110.6,100.4,149.7,109.0,87.8,86.4,112.5,94.3,82.8,83.6,110.6,92.2,101.8,78.3,116.4,114.2,91.1,77.6,93.5,87.7,93.2,137.4,75.3,77.7,78.3,112.3,88.3,78.1,114.1,94.7,92.8,87.6,86.0,95.4,77.4,70.0,71.8,78.7,99.9,76.8,82.2,79.9,83.1,97.1,92.1,83.4,77.6,72.0,97.3,78.7,82.8,77.3,82.9,87.0,84.0,84.6,68.1,93.2,82.7,68.6,64.9,79.6,118.9,90.5,78.1,99.2,93.3,62.7,78.8,96.7,111.3,90.7,104.0,115.8,84.9,82.0,81.4,77.7,84.6,104.3,95.3,78.6,82.4,74.5,73.0,76.0,88.6,108.5,86.5,122.9,112.9,98.2,138.2,197.7,160.1,123.4,110.9,81.8,113.7,127.0,93.7,67.6,108.7,96.4,103.0,95.1,79.2,92.6,104.9,114.4,90.2,117.5,110.9,86.3,71.2,85.7,73.8,68.8,86.5,99.4,118.3,115.4,90.2,105.1,81.3,93.0,85.2,101.0,76.6,76.2,92.2,87.1,80.8,109.3,80.5,87.8,97.7,82.9,82.6,89.4,86.5,75.7,77.2,88.3,82.2,99.2,74.0,91.4,90.3,93.4,75.6,73.2,117.6,69.2,75.8,78.4,80.6,77.5,103.0,84.5,86.8,238.6,129.7,105.6,143.4,114.1,123.2,116.7,116.6,110.7,122.9,121.4,97.8,94.4,86.8,124.0,117.8,119.2,171.8,141.5,103.7,110.9,132.5,95.4,132.5,120.3,116.6,126.1,107.6,110.0,208.8,112.3,93.1,140.8,109.0,74.9,74.7,87.5,76.1,97.2,107.7,86.4,84.8,77.2,98.6,84.1,118.1,68.1,109.4,69.7,75.2,103.4,112.3,119.2,83.4,113.0,82.8,84.4,108.5,87.5,85.1,84.6,80.0,84.1,98.3,105.7,77.0,87.3,67.8,74.1,77.6,94.5,71.8,77.4,71.3,84.0,82.9,92.1,96.6,91.1,80.5,80.5,74.5,77.3,91.1,86.4,61.9,82.5,96.8,96.8,141.0,92.2,116.4,87.6,77.4,83.4,78.8,112.9,197.7,67.6,81.3,74.9,83.4,105.7
2009,79.1,79.8,81.5,113.4,84.7,126.6,95.3,73.3,73.8,99.1,92.9,77.9,99.9,105.3,110.4,80.5,84.6,82.4,70.1,90.6,79.5,87.3,90.8,85.3,125.2,82.3,78.7,140.3,97.7,101.0,77.3,99.1,97.3,145.6,123.6,123.2,172.6,130.1,139.0,118.0,91.0,93.0,117.6,82.0,90.4,115.7,109.4,80.9,72.8,100.5,94.6,94.2,96.0,76.1,97.1,82.7,99.7,115.3,124.6,117.8,99.1,101.3,80.5,87.9,102.4,84.1,84.9,85.7,92.3,80.0,79.4,86.4,110.2,80.3,72.3,66.7,76.5,75.1,123.6,87.6,101.0,70.9,84.5,86.7,75.5,71.0,66.8,78.4,81.7,81.2,66.7,77.9,113.4,90.4,115.0,73.1,98.4,86.7,127.3,100.4,79.5,76.2,83.1,91.2,91.8,133.4,85.2,91.9,73.5,99.8,142.4,88.1,100.6,83.6,84.2,150.9,114.2,104.5,118.9,93.8,108.5,116.8,106.1,108.3,100.9,151.6,101.1,87.2,86.2,109.8,100.3,81.1,83.8,106.1,91.8,96.1,79.6,117.2,113.2,88.1,75.8,93.9,88.9,89.1,128.0,78.2,72.8,79.3,107.9,86.6,75.0,116.5,95.5,93.7,87.8,85.2,95.6,78.8,68.7,72.0,80.1,95.4,76.4,81.4,80.9,84.2,97.7,89.7,83.1,75.2,76.2,93.8,80.0,80.8,77.0,80.5,87.6,81.6,83.5,69.8,88.9,79.8,67.5,66.7,78.8,117.0,90.4,77.9,97.7,93.4,62.1,79.1,97.9,111.2,92.4,103.2,115.5,86.2,82.1,82.2,77.3,83.4,101.0,95.8,79.4,81.2,75.4,72.8,80.2,91.4,106.3,85.0,121.3,107.0,99.3,133.7,194.7,159.2,125.9,107.5,81.1,112.6,126.3,90.5,66.3,106.8,94.7,101.5,97.8,80.6,90.1,107.1,113.0,91.5,119.1,113.5,85.4,73.7,84.5,73.2,68.9,84.9,95.3,119.1,110.1,89.3,104.7,79.3,93.6,83.6,102.7,77.1,76.5,91.1,87.2,81.0,106.4,79.7,88.5,99.4,82.7,85.2,88.4,84.6,75.3,77.8,88.6,83.4,98.3,72.8,93.3,91.7,94.2,74.6,74.3,119.4,71.8,73.6,78.2,77.7,77.1,102.9,83.4,85.7,234.4,131.2,101.9,139.7,113.0,123.5,115.9,118.3,109.8,118.5,121.3,94.6,93.7,89.5,123.4,115.7,117.3,170.4,142.6,103.0,110.8,132.5,97.9,128.7,119.4,114.5,124.2,110.3,108.5,208.0,109.5,94.0,140.2,106.1,74.9,73.8,88.6,75.1,100.7,109.5,88.3,85.8,78.3,102.6,86.2,118.1,69.1,107.7,71.5,76.8,103.4,116.1,119.7,85.4,114.2,84.6,86.3,108.6,85.9,85.1,86.8,80.7,85.3,99.3,104.6,77.4,85.5,66.6,74.2,79.2,96.2,72.0,73.0,70.6,85.0,82.6,91.5,98.1,91.8,82.9,79.2,74.2,77.9,89.5,86.3,60.8,81.7,97.1,97.1,142.4,91.8,117.2,87.8,78.8,83.1,79.1,107.0,194.7,66.3,79.3,74.9,85.4,104.6
2010,81.4,80.7,81.8,111.9,84.5,125.3,93.2,73.9,74.0,94.9,90.4,76.3,97.7,102.1,110.0,81.3,85.8,81.4,70.3,90.4,78.7,86.2,91.3,84.4,125.7,83.6,78.0,138.5,99.5,101.8,78.0,98.8,96.2,148.7,121.4,124.9,168.2,132.3,137.6,118.4,91.5,91.4,122.4,83.9,90.8,115.5,109.7,79.9,72.4,95.7,95.9,93.6,96.2,77.1,96.3,81.8,100.5,117.1,125.2,120.1,101.4,102.0,82.1,88.4,103.0,83.4,86.8,84.9,90.1,82.8,79.5,86.9,105.0,80.1,72.3,68.9,74.8,73.7,122.7,88.8,100.6,70.3,82.4,85.5,75.4,69.8,68.7,77.9,80.6,79.9,67.6,76.8,114.8,91.7,115.3,72.1,96.7,85.0,124.3,96.2,79.0,73.6,82.5,91.9,92.3,130.7,86.8,93.1,75.0,99.2,141.4,88.3,101.5,84.7,83.8,149.8,115.9,106.0,120.2,95.1,107.6,110.3,105.4,107.2,100.8,151.5,94.6,86.6,86.2,109.1,108.4,82.0,83.3,105.7,90.5,91.4,81.0,117.6,113.2,88.9,73.8,95.7,89.8,87.0,119.8,80.2,70.3,79.3,103.2,85.8,74.2,118.1,96.8,94.9,87.5,84.3,95.2,80.3,66.5,72.4,82.2,92.0,76.7,80.9,82.1,84.1,97.2,86.9,84.5,73.7,77.9,90.4,79.8,81.6,74.8,79.6,87.0,79.7,81.8,72.3,85.1,77.8,68.1,69.5,78.6,110.9,91.4,79.1,101.4,98.7,64.3,80.5,96.7,110.2,93.6,104.8,115.7,87.0,81.4,81.7,77.5,83.7,101.1,96.5,80.9,80.3,76.8,74.6,81.9,91.9,103.0,83.1,119.7,103.2,99.8,133.5,189.8,157.8,127.4,106.1,81.1,112.4,123.4,92.1,66.7,105.7,97.5,102.5,98.5,80.8,88.1,107.5,109.7,91.2,119.8,117.1,84.4,74.3,83.9,72.6,67.3,84.1,90.7,116.1,105.7,88.7,103.7,78.2,93.4,82.0,102.7,77.5,77.3,91.3,87.6,81.9,103.8,78.4,88.5,100.3,81.4,84.8,87.9,83.5,74.5,78.1,88.8,85.0,97.5,73.1,94.6,91.4,95.5,75.8,74.9,121.7,74.4,73.2,79.7,74.6,76.1,101.9,82.3,86.6,223.5,131.8,101.5,137.9,112.4,123.8,115.7,119.6,108.6,116.3,123.7,93.9,94.8,92.0,122.7,114.4,116.3,170.3,145.9,104.0,110.8,132.9,100.3,123.1,117.2,114.5,123.2,114.6,106.7,203.5,108.1,95.5,139.6,105.0,75.2,72.1,90.1,76.3,104.6,111.5,91.8,84.8,79.7,105.9,87.4,119.5,70.1,107.2,73.3,77.5,103.4,119.6,118.2,87.5,113.4,86.7,89.1,108.7,87.7,88.0,87.8,81.6,86.3,99.7,106.3,77.4,84.1,66.5,74.4,80.8,97.8,72.8,72.1,71.7,85.5,83.4,92.6,101.1,92.8,84.8,79.5,75.1,78.5,88.4,86.3,59.9,80.8,96.3,96.3,141.4,90.5,117.6,87.5,80.3,84.5,80.5,103.2,189.8,66.7,78.2,75.2,87.5,106.3
2011,83.7,80.3,80.9,110.4,87.0,122.7,91.9,73.4,73.8,89.5,89.0,76.3,95.4,100.9,108.2,81.3,86.2,80.9,71.0,90.1,78.4,84.9,89.7,84.7,126.5,84.9,76.3,135.1,100.0,101.5,77.1,97.5,95.4,148.7,121.9,124.8,165.2,134.6,135.2,118.4,92.6,91.2,123.9,84.5,90.6,117.1,109.9,79.6,73.0,96.9,97.6,91.2,94.5,78.7,95.0,81.2,100.6,115.1,125.2,119.9,103.2,99.5,83.2,90.1,105.4,83.8,90.4,84.8,89.9,86.4,80.0,85.5,99.8,78.9,72.4,70.5,74.1,73.7,123.4,89.5,102.2,69.6,80.2,84.8,73.8,69.6,71.8,76.9,77.2,79.4,68.7,75.5,117.3,90.3,115.0,70.6,96.5,83.4,118.3,91.4,79.9,71.0,81.1,91.8,90.3,126.7,88.8,94.2,76.0,99.9,139.7,89.4,102.1,87.3,82.7,141.9,118.0,106.1,117.9,94.4,105.4,106.0,104.7,110.0,101.6,152.5,91.6,84.5,87.0,106.7,114.3,83.3,81.9,106.6,89.0,87.7,80.3,115.7,111.6,91.5,71.7,97.4,90.0,86.3,114.8,82.1,71.1,81.1,96.5,85.5,75.4,117.8,97.4,92.3,87.3,83.2,95.3,82.9,64.9,74.3,83.3,92.4,77.1,81.4,81.7,83.8,95.2,86.8,87.9,72.9,78.4,88.3,79.0,85.6,71.1,77.9,87.8,79.7,79.0,72.7,83.9,77.2,70.7,73.1,77.2,105.3,92.9,79.4,107.1,104.4,67.5,81.7,96.0,108.1,92.6,106.0,116.3,86.1,79.6,79.8,77.1,84.0,103.5,93.7,81.9,79.2,78.3,78.3,80.3,89.5,100.8,82.2,118.1,100.6,99.0,143.0,187.6,157.6,130.2,106.7,82.0,111.3,119.8,97.8,69.1,104.1,101.9,104.8,96.1,81.1,87.0,108.1,105.2,90.0,118.9,120.9,85.0,75.1,85.6,73.6,66.9,83.5,86.1,109.8,102.4,88.4,103.4,77.5,93.2,81.3,102.0,77.0,78.0,93.9,87.8,81.8,102.4,78.7,88.3,100.2,79.4,82.6,88.0,83.1,74.2,79.0,89.2,86.6,97.4,74.2,95.4,89.6,96.0,78.2,74.3,122.7,76.6,74.3,81.3,74.1,75.5,100.9,81.3,87.6,212.6,130.5,103.2,139.4,113.3,123.6,115.7,122.5,106.0,117.0,125.3,93.2,98.4,92.8,121.7,113.6,115.2,168.8,148.0,108.0,113.3,131.7,98.5,119.5,112.4,114.1,122.9,118.1,107.4,198.4,105.3,97.6,139.3,104.2,75.4,70.7,91.4,77.5,103.5,110.7,94.1,83.0,80.3,108.0,88.2,119.8,69.9,107.3,72.9,77.5,104.6,122.2,116.1,89.0,113.0,88.8,91.5,108.0,90.8,91.9,88.9,81.7,87.4,98.3,109.7,76.6,82.1,67.4,74.3,82.0,99.1,74.3,73.1,73.1,86.1,84.5,93.8,105.6,93.6,85.9,80.5,77.8,79.8,89.8,87.4,59.8,80.5,95.0,95.0,139.7,89.0,115.7,87.3,82.9,87.9,81.7,100.6,187.6,69.1,77.5,75.4,89.0,109.7
2012,84.0,79.6,79.3,109.3,89.3,119.7,91.3,71.9,73.6,86.7,90.3,77.9,94.7,101.5,105.8,81.1,86.1,80.7,71.6,88.0,78.1,84.3,87.9,86.9,128.5,85.4,75.0,133.8,97.2,101.2,75.4,95.9,94.7,145.3,123.6,123.5,164.2,138.3,133.5,116.0,94.0,91.6,120.4,84.8,90.0,118.5,107.6,79.1,73.6,99.6,99.2,89.2,95.2,79.9,93.5,82.7,99.0,113.1,121.3,116.5,104.1,94.9,85.4,91.8,107.8,85.1,93.2,82.8,90.4,87.8,80.4,83.3,98.2,77.9,73.7,70.1,74.6,74.1,127.0,89.6,102.7,69.7,78.4,84.8,72.9,70.5,71.4,74.0,73.9,77.5,68.8,73.6,120.6,88.2,115.8,71.0,98.5,81.2,112.7,89.0,76.8,69.4,79.5,91.2,86.1,121.6,93.3,93.7,76.1,100.9,140.1,89.6,104.1,91.8,81.4,132.3,120.1,104.5,113.2,92.7,103.7,106.2,103.6,113.6,101.2,149.3,92.0,82.7,87.9,106.0,117.3,87.5,81.3,110.7,87.3,85.8,79.9,113.2,107.1,94.7,71.4,96.1,89.3,87.9,113.0,82.8,75.5,81.1,95.7,84.5,77.3,119.4,96.5,89.1,88.4,82.9,96.6,85.3,65.1,77.2,83.4,95.9,78.5,83.9,83.0,83.2,94.0,89.6,90.0,72.3,78.6,87.2,78.9,88.9,68.4,79.4,88.3,79.6,79.1,71.4,83.4,77.5,71.3,75.1,74.1,99.5,92.8,79.7,112.2,108.6,70.5,83.9,96.4,107.5,91.4,106.5,117.0,86.6,77.1,79.0,78.7,84.1,106.1,87.4,80.7,78.3,80.5,81.2,75.4,87.5,100.1,82.0,119.6,101.6,98.6,158.6,188.2,165.2,131.9,105.6,83.1,108.6,116.4,103.1,72.8,102.1,105.3,107.4,91.8,81.7,86.2,107.8,100.7,88.7,118.0,124.4,85.8,78.3,89.5,73.9,67.8,82.6,83.6,102.1,102.3,89.1,103.7,77.5,91.7,80.5,100.2,75.6,78.7,98.2,88.1,83.1,101.9,79.7,87.8,98.2,77.1,80.7,87.0,82.6,74.3,80.4,89.0,87.1,96.1,76.0,96.5,87.5,96.4,80.8,72.1,122.8,77.5,76.9,82.5,74.9,75.3,99.0,80.7,87.5,202.9,128.6,106.4,144.8,114.6,122.8,116.2,125.0,105.9,116.6,125.3,94.1,104.9,91.9,118.9,113.7,115.4,169.7,147.5,116.6,113.1,129.6,94.0,116.7,109.9,113.0,124.3,117.5,107.0,195.0,103.2,98.3,138.4,105.4,76.0,70.3,92.6,80.6,100.8,108.9,96.5,81.5,81.0,108.0,89.2,117.3,70.6,106.1,72.0,78.2,105.5,122.8,115.8,89.2,113.2,90.9,93.2,104.3,95.2,95.1,89.8,81.9,87.9,97.2,113.9,74.3,79.7,68.3,73.5,81.7,99.2,74.2,76.0,74.1,87.2,85.7,93.9,109.4,95.0,86.8,82.1,79.4,80.4,91.5,88.6,59.6,80.4,93.5,93.5,140.1,87.3,113.2,88.4,85.3,90.0,83.9,101.6,188.2,72.8,77.5,76.0,89.2,113.9
2013,82.5,79.3,78.1,108.2,93.9,120.8,90.9,71.7,73.7,87.0,91.5,79.6,93.6,102.7,103.3,80.5,83.5,80.1,72.1,86.7,77.2,84.4,86.6,89.6,130.0,84.6,75.3,136.3,94.0,101.1,74.4,93.7,96.4,142.2,125.9,122.7,165.7,142.1,130.7,115.0,95.4,93.2,114.8,84.8,88.2,118.1,103.6,79.0,74.3,87.6,98.7,87.6,95.1,79.9,92.6,83.8,97.1,111.2,114.7,112.4,103.5,90.2,85.5,91.6,105.2,88.0,92.6,83.1,91.3,87.8,80.6,80.5,98.2,79.7,74.8,69.9,75.9,76.2,135.6,86.4,101.8,68.3,76.9,86.1,73.2,70.8,69.5,72.0,72.7,76.0,67.4,73.0,121.6,86.6,118.6,74.3,100.6,79.4,111.6,89.4,74.1,69.1,78.2,92.1,81.1,117.7,95.8,92.4,74.4,101.1,142.5,88.8,106.2,96.8,80.1,127.1,120.2,101.7,110.3,90.9,104.0,109.3,101.8,117.2,101.2,147.3,92.6,81.6,87.9,105.7,117.7,91.0,81.5,114.7,85.7,84.3,80.4,111.2,100.4,94.3,72.1,89.4,89.5,89.2,115.5,82.9,80.3,80.8,97.9,82.8,77.4,121.1,93.8,84.7,88.9,83.0,99.5,87.2,67.2,79.8,83.0,97.8,79.3,86.0,85.1,82.7,96.2,94.0,89.7,70.9,80.7,86.6,79.9,90.0,68.2,80.9,90.5,81.1,79.4,69.3,82.6,78.1,71.2,73.8,70.1,97.9,92.1,79.4,113.4,105.1,70.4,83.2,96.7,107.4,90.7,107.5,117.2,87.3,75.0,78.4,79.7,83.6,106.2,83.6,78.8,76.7,83.1,83.2,71.6,86.8,102.0,82.3,125.6,101.1,99.1,170.0,189.2,174.9,134.9,104.6,84.2,103.1,116.9,104.7,74.9,99.7,105.1,109.1,88.9,84.6,85.8,109.9,97.7,89.0,117.9,126.0,86.7,84.0,95.0,75.1,69.9,82.8,84.5,96.0,105.4,89.8,103.9,77.0,90.8,79.8,98.2,74.7,79.4,102.5,88.0,83.7,101.0,81.7,88.8,96.0,76.6,81.3,85.4,81.6,75.0,81.9,88.2,86.8,93.6,76.7,99.3,86.0,96.4,82.2,70.5,122.7,77.2,77.9,82.2,77.0,75.4,97.6,80.7,84.7,197.2,126.0,106.9,148.7,116.5,119.8,118.7,127.3,107.8,114.9,121.5,93.4,111.4,89.6,117.0,112.8,119.7,170.7,144.6,125.8,110.2,127.7,90.0,115.3,106.3,111.8,125.1,116.1,106.3,193.6,100.3,100.2,137.7,107.6,76.7,70.0,92.8,82.7,96.0,106.8,97.4,81.1,81.5,106.7,89.1,110.2,71.6,102.7,70.3,78.9,106.0,121.4,116.8,88.3,115.7,92.8,95.1,101.8,95.9,94.5,91.9,83.6,88.0,96.2,117.6,71.3,76.1,69.2,72.8,80.5,98.3,72.8,77.2,73.1,86.7,86.9,92.8,110.9,95.7,87.6,83.3,79.6,80.8,94.0,89.3,58.8,82.8,92.6,92.6,142.5,85.7,111.2,88.9,87.2,89.7,83.2,101.1,189.2,74.9,77.0,76.7,88.3,117.6
2014,80.7,80.6,77.7,107.8,96.4,119.4,90.7,72.8,74.7,88.8,92.4,80.6,92.3,103.3,101.4,79.8,81.6,79.4,72.9,85.6,75.8,84.5,87.2,90.9,132.3,83.5,75.7,139.6,91.7,102.3,75.4,94.1,97.1,139.1,125.9,121.9,167.6,143.5,130.1,113.7,96.1,93.9,110.5,85.2,86.8,117.1,98.5,77.8,74.7,72.3,96.4,87.5,95.7,80.4,92.5,85.5,94.4,111.3,106.8,109.0,103.1,87.9,84.7,91.5,101.8,88.9,90.6,83.2,90.1,87.0,81.1,79.5,101.8,81.0,75.1,70.6,77.9,78.6,145.4,82.1,100.0,65.7,77.3,87.5,75.7,72.1,65.9,72.4,73.9,75.3,67.3,73.5,119.0,87.3,125.0,77.0,100.2,78.6,114.7,90.5,70.4,72.0,77.3,92.7,78.4,115.1,95.5,91.8,73.9,98.9,143.2,86.6,107.4,99.6,79.6,129.7,120.9,98.4,109.3,89.1,106.7,112.7,98.9,117.7,99.3,144.7,91.8,81.2,84.8,108.2,117.6,93.3,82.6,118.8,84.7,83.5,80.9,111.0,96.6,92.0,74.3,81.6,91.8,90.6,118.4,83.2,83.6,78.7,105.6,81.0,78.6,121.3,91.3,84.0,89.6,84.9,101.6,86.2,69.6,78.8,82.6,95.8,79.4,87.0,86.9,81.9,99.6,96.6,86.8,69.6,82.2,86.4,79.6,87.5,68.9,82.8,91.6,82.0,79.3,69.7,82.1,78.1,71.4,71.8,65.7,96.9,90.9,79.0,112.5,98.2,68.3,82.1,94.6,108.5,90.9,108.0,115.6,87.4,73.8,79.4,79.9,82.4,105.6,83.7,77.9,76.3,85.0,82.7,71.8,87.5,105.2,83.7,132.8,101.1,100.5,168.5,183.0,181.0,135.1,102.5,86.2,97.8,116.6,99.6,74.9,98.9,101.6,110.0,88.6,86.6,85.0,111.3,97.0,90.2,118.2,122.0,86.1,90.0,97.6,75.1,70.6,85.1,86.3,93.4,106.6,90.1,104.6,77.6,89.7,78.5,96.6,74.6,79.4,105.2,87.5,84.6,99.5,82.6,89.3,94.1,76.3,83.3,84.5,80.6,75.5,81.8,86.6,86.5,89.8,77.5,101.6,85.8,98.5,82.5,69.6,124.3,77.1,77.9,82.2,79.1,75.6,96.4,80.7,81.5,191.5,120.2,107.7,149.3,117.1,118.6,124.5,125.7,112.4,111.8,116.5,94.8,116.6,88.2,115.2,112.2,126.1,172.2,142.1,132.8,105.8,130.5,88.5,115.2,103.3,111.6,125.7,112.9,104.3,192.7,99.2,101.9,138.4,113.3,76.7,69.4,93.4,83.7,92.8,105.3,98.7,81.2,83.5,104.4,88.2,102.7,73.6,100.0,70.8,79.1,104.5,117.8,117.2,87.2,118.6,92.7,97.4,101.1,95.5,91.5,93.9,86.3,87.6,96.6,119.2,68.6,74.4,68.9,72.4,79.5,96.6,70.2,77.3,71.7,85.5,86.4,91.2,108.9,96.3,88.5,84.7,78.2,79.6,94.5,89.1,58.2,84.8,92.5,92.5,143.2,84.7,111.0,89.6,86.2,86.8,82.1,101.1,183.0,74.9,77.6,76.7,87.2,119.2
2015,81.1,82.4,77.2,106.3,98.7,117.5,91.2,76.0,77.0,89.6,91.4,80.9,91.5,103.2,98.9,79.6,80.3,79.1,72.8,86.4,75.1,84.0,88.4,90.4,132.0,83.3,76.2,142.1,90.4,103.3,76.3,95.9,97.9,139.7,125.4,121.7,165.5,144.2,128.5,114.2,95.4,94.5,110.1,84.7,85.6,116.3,95.8,77.0,74.9,70.8,94.3,87.2,95.3,81.0,92.7,86.2,91.4,113.4,101.7,107.3,102.3,88.2,82.2,91.9,99.7,87.9,90.7,84.9,88.4,88.0,82.3,80.3,103.8,82.4,74.2,71.3,78.2,81.4,150.6,80.0,99.6,65.5,78.5,87.1,79.0,73.0,65.9,73.8,75.5,76.0,69.3,74.8,115.2,90.8,130.7,78.2,96.5,79.6,119.1,91.2,70.2,76.3,75.8,91.6,77.0,114.0,91.7,90.9,74.1,96.1,142.4,86.2,107.3,99.5,80.1,138.7,120.7,96.9,110.8,88.4,109.9,111.5,97.2,118.5,98.1,147.3,90.3,81.1,80.9,109.6,115.9,91.7,83.7,119.8,87.2,82.6,79.2,112.2,99.7,91.3,77.9,78.6,94.9,90.3,119.7,84.5,85.4,79.1,111.0,80.6,80.7,116.9,89.9,84.1,89.4,86.2,100.2,82.9,70.8,76.7,81.9,92.4,79.5,85.5,87.0,81.8,103.4,95.5,85.3,69.6,82.1,85.8,78.4,84.1,69.0,81.2,93.0,82.6,78.1,71.1,82.2,79.0,71.3,72.8,64.4,95.7,89.0,77.1,109.9,92.7,66.4,81.2,92.0,108.7,89.9,109.0,112.4,86.8,73.4,80.9,78.8,80.7,104.1,85.4,77.4,76.6,84.6,81.3,74.9,88.5,106.5,85.2,139.4,99.8,102.7,158.3,176.0,179.8,131.7,103.2,88.3,95.6,115.1,94.0,74.9,99.9,100.3,112.5,90.3,87.0,86.0,111.6,95.5,91.3,120.4,110.9,85.3,93.8,97.2,75.1,69.0,88.4,87.0,93.1,105.3,89.7,104.9,78.4,89.8,78.0,95.2,75.1,79.7,104.6,87.6,84.9,99.1,83.0,90.8,93.4,76.4,85.2,85.1,80.1,76.2,81.2,85.8,86.8,87.6,77.0,103.4,86.5,101.0,81.1,70.4,127.9,76.5,76.1,81.9,81.1,76.5,95.8,80.7,78.7,184.8,114.3,107.2,148.3,116.0,118.2,132.5,122.7,116.9,111.1,112.6,96.7,120.2,88.4,114.8,110.9,131.7,171.9,139.4,132.8,102.0,134.6,87.3,115.4,99.8,112.1,124.8,110.2,103.8,190.1,99.8,103.6,140.5,118.4,76.5,68.6,93.6,83.8,89.6,103.4,98.5,81.0,85.5,102.4,86.7,100.1,74.8,99.4,72.1,78.4,102.2,113.0,115.7,86.4,121.2,89.9,98.4,103.1,93.1,88.9,95.3,88.5,86.8,97.1,119.0,68.5,74.4,68.4,72.0,79.7,94.7,69.2,76.9,70.9,84.1,86.0,90.3,106.5,95.8,88.8,86.7,77.9,77.9,92.9,88.6,58.6,86.1,92.7,92.7,142.4,87.2,112.2,89.4,82.9,85.3,81.2,99.8,176.0,74.9,78.4,76.5,86.4,119.0
2016,83.0,84.2,75.9,104.4,98.9,113.7,91.5,78.4,79.4,88.5,89.8,80.2,91.0,102.7,96.3,80.6,80.9,80.2,71.8,88.8,75.4,82.6,89.9,89.1,131.5,84.7,75.5,142.1,90.7,103.9,76.2,98.1,98.4,140.7,123.6,121.8,160.3,144.3,129.6,115.2,94.1,94.9,111.4,83.0,85.4,117.7,96.3,76.1,74.9,86.8,93.3,87.7,96.2,80.9,92.5,86.6,88.7,117.9,98.4,105.2,100.8,90.0,79.5,93.7,101.3,85.0,93.6,85.7,85.6,89.7,83.1,83.5,109.1,82.4,73.5,70.9,77.0,83.3,150.4,81.2,99.7,68.1,80.0,85.5,81.4,73.8,67.9,75.0,76.8,76.8,72.8,75.2,112.6,95.7,133.4,76.7,92.3,81.5,122.2,91.1,71.2,81.3,74.7,87.6,76.9,114.7,87.1,89.1,76.2,91.4,142.2,87.4,107.3,100.1,82.6,148.9,120.6,97.3,112.6,88.5,111.9,107.4,96.6,120.6,97.3,154.8,88.4,80.6,77.0,110.2,112.7,88.3,85.7,119.8,92.7,81.4,75.8,114.2,107.1,93.7,81.3,80.7,96.3,89.7,116.0,86.6,86.7,80.4,115.3,80.5,83.9,111.4,90.6,85.0,89.1,87.7,97.5,78.6,70.4,74.3,81.2,90.2,82.0,83.8,87.1,82.9,105.0,91.3,85.9,71.2,80.4,85.6,75.9,81.9,68.2,78.5,93.7,82.1,77.2,73.3,82.5,80.1,69.8,77.8,64.9,93.6,87.4,74.7,108.0,91.6,66.3,82.3,90.5,107.7,87.2,107.8,109.0,86.1,73.1,83.4,78.0,78.9,101.4,85.5,76.6,79.1,83.3,80.0,79.7,90.2,106.8,87.2,143.9,99.4,102.9,146.9,167.0,177.5,125.8,104.6,89.2,96.2,112.3,90.6,75.4,103.0,102.4,115.8,92.2,85.3,86.7,107.9,92.9,90.7,122.1,97.9,84.7,94.8,92.8,75.3,66.3,91.2,85.2,92.5,100.5,89.0,104.8,80.3,89.8,76.8,94.3,75.0,78.7,102.1,87.7,85.1,99.8,81.8,92.6,93.0,75.5,86.8,86.2,79.3,76.8,79.9,85.7,86.8,87.4,76.7,104.2,88.8,103.3,78.9,72.9,132.7,75.6,74.9,81.2,82.4,77.6,94.9,80.3,77.4,178.1,108.2,108.2,147.4,111.4,120.9,139.4,118.9,119.8,112.3,110.7,99.6,122.3,88.4,112.5,108.9,132.0,173.0,136.8,128.1,101.3,137.7,84.5,114.4,96.1,111.9,125.6,106.4,104.6,186.5,100.0,102.9,143.9,122.3,76.8,68.3,94.0,83.4,87.4,102.8,97.6,80.1,87.6,100.3,86.0,102.3,75.6,102.3,74.5,78.0,100.1,108.6,113.3,86.2,123.2,86.2,98.2,103.9,92.0,88.0,95.6,89.7,86.0,97.4,116.6,70.0,76.2,68.2,71.5,80.2,92.8,69.1,76.7,71.3,84.4,86.3,90.5,104.2,95.3,88.1,88.7,78.5,75.6,88.9,88.3,59.6,85.2,92.5,92.5,142.2,92.7,114.2,89.1,78.6,85.9,82.3,99.4,167.0,75.4,80.3,76.8,86.2,116.6
2017,85.2,84.9,74.3,101.8,99.3,112.6,92.8,80.0,81.1,86.7,88.1,78.9,91.5,101.7,93.5,82.6,81.9,82.0,70.0,91.6,76.7,81.2,90.4,88.6,129.9,86.0,75.7,141.7,91.6,103.3,74.1,98.2,99.9,143.2,122.3,122.1,153.6,146.1,130.8,118.3,93.2,95.8,113.4,80.8,85.1,119.1,97.7,76.3,75.3,105.8,93.9,88.0,98.1,79.9,91.6,86.5,86.8,123.3,98.8,103.5,98.8,92.4,77.4,94.9,103.2,82.3,97.2,85.9,83.6,91.4,83.8,84.8,112.0,81.9,72.4,68.7,73.6,83.2,144.7,83.7,99.3,73.7,78.8,82.7,83.5,74.8,71.5,73.3,76.6,76.4,75.5,75.0,112.2,100.0,135.4,75.1,89.8,82.9,123.8,92.6,73.1,84.0,73.7,83.7,76.8,115.9,84.3,86.2,77.9,89.3,144.8,89.1,108.4,102.7,84.1,154.6,119.4,100.2,115.2,89.7,112.3,103.0,98.0,124.2,98.7,162.9,87.7,80.3,75.4,109.6,109.8,85.3,87.8,119.2,98.3,79.5,73.5,116.5,112.9,97.7,83.1,84.6,94.2,88.5,111.0,87.0,89.6,82.6,115.7,80.6,84.6,107.4,91.6,84.1,89.0,88.5,94.0,74.7,69.1,73.6,79.7,91.0,85.2,82.5,88.9,83.9,106.2,88.0,87.7,74.4,79.5,84.7,75.3,81.2,67.5,76.1,94.8,81.6,77.9,73.6,81.5,81.8,66.7,82.7,67.2,91.6,85.6,72.4,106.4,92.7,67.3,82.9,91.2,105.8,83.8,108.2,107.2,86.9,72.1,84.7,77.7,78.6,96.4,84.2,75.3,81.6,81.9,80.3,82.5,91.4,105.4,87.2,148.8,100.2,102.0,140.7,165.0,177.4,120.2,106.3,88.4,98.9,111.6,91.5,77.1,106.6,107.2,119.3,92.0,83.0,87.7,104.1,90.8,90.8,123.1,88.2,84.4,94.3,89.6,76.3,64.2,92.2,83.3,90.5,97.4,88.4,102.7,81.3,90.2,76.0,93.7,74.5,77.7,99.3,88.3,84.7,100.7,80.3,95.9,92.6,74.9,88.2,86.6,78.7,77.5,79.3,86.3,86.2,88.5,75.4,105.3,90.8,103.3,77.1,76.1,136.1,73.9,74.0,79.4,83.4,78.3,94.9,80.2,76.4,173.2,104.6,107.7,146.2,106.5,122.2,143.0,117.8,120.5,114.4,109.7,100.2,123.9,87.6,110.1,106.3,130.1,176.7,134.2,121.9,100.6,138.3,81.7,111.0,93.1,111.4,126.7,103.9,106.6,182.7,100.3,102.3,146.6,123.1,77.7,68.6,92.7,83.5,85.2,103.4,96.4,78.8,87.8,99.1,85.8,105.3,76.1,104.4,75.9,78.0,99.6,105.8,111.5,86.1,124.6,83.3,97.6,104.0,89.6,89.0,94.9,90.3,85.3,97.8,114.5,71.8,77.6,69.1,70.8,79.8,90.8,70.4,76.9,71.9,84.9,88.9,91.3,103.1,94.9,86.4,90.7,79.8,74.4,85.5,87.9,59.9,83.9,91.6,91.6,144.8,98.3,116.5,89.0,74.7,87.7,82.9,100.2,165.0,77.1,81.3,77.7,86.1,114.5
2018,86.1,85.2,73.3,100.2,99.2,112.5,93.3,80.0,81.8,85.4,87.2,77.6,91.5,101.0,92.1,84.1,82.6,83.6,69.1,93.6,77.7,80.3,90.5,88.5,129.7,86.8,75.7,141.1,93.0,103.0,72.7,97.6,101.0,144.0,121.3,122.3,150.2,146.8,132.7,120.6,92.9,96.4,114.3,79.4,85.0,120.6,98.7,76.6,75.6,114.8,94.3,88.3,99.7,78.9,90.8,86.4,86.1,127.1,99.7,102.2,97.4,93.9,76.5,95.6,104.6,80.7,99.1,85.5,82.6,92.0,83.8,85.3,114.7,81.4,71.9,67.1,71.4,82.7,140.3,84.8,98.7,77.2,77.6,81.3,84.4,75.5,73.4,72.0,76.5,75.9,76.5,74.5,112.7,101.9,136.9,73.9,89.2,83.4,124.5,93.6,73.9,85.0,73.5,81.4,77.0,117.0,83.3,84.3,79.1,87.8,147.2,89.8,109.7,105.4,85.0,156.4,118.5,102.3,116.8,90.4,112.1,101.3,98.9,126.4,99.7,168.0,87.4,80.1,74.8,109.2,108.5,84.1,89.3,119.6,101.2,78.4,72.6,117.8,115.2,100.2,83.6,86.5,91.6,87.8,107.3,86.8,91.7,83.2,115.7,80.5,84.4,106.2,92.3,83.4,89.1,89.3,92.7,72.7,68.3,73.3,79.0,91.9,87.5,82.2,90.9,84.3,106.5,86.8,88.7,76.4,79.5,84.3,75.1,81.6,67.2,75.4,95.5,81.5,78.7,73.7,80.7,82.5,64.7,85.3,68.3,90.7,85.1,71.4,106.2,93.6,68.3,83.1,92.3,104.5,81.8,108.1,106.8,87.5,71.3,85.2,77.8,78.9,92.7,83.3,74.6,83.6,81.7,81.0,84.0,92.2,105.0,87.0,151.8,100.9,100.7,138.4,163.4,179.1,117.7,107.2,87.4,100.2,112.0,92.9,77.9,109.0,110.2,120.9,91.4,81.7,87.7,101.7,90.1,90.8,122.9,84.6,84.3,93.7,87.5,77.1,63.4,92.1,82.2,88.6,95.7,88.0,101.0,81.8,90.2,75.0,93.5,74.0,76.4,98.0,88.2,84.3,101.1,79.1,98.1,92.2,74.4,89.1,86.3,78.0,77.8,78.9,86.4,85.5,89.3,74.8,106.0,92.2,102.8,76.6,78.5,137.9,72.8,73.8,77.9,83.7,78.3,94.9,80.0,76.0,171.0,102.6,107.6,145.2,103.3,123.2,143.8,117.5,120.4,115.7,109.0,100.0,124.5,86.5,108.2,104.5,128.0,180.5,132.6,118.7,101.1,137.7,79.9,108.3,91.0,110.8,128.3,102.5,107.6,180.5,100.0,101.7,148.1,123.2,78.5,68.9,91.7,83.4,84.2,104.6,95.8,77.9,87.8,98.4,86.0,107.0,76.6,105.7,76.6,78.3,99.9,104.8,111.0,86.3,125.3,82.3,97.4,103.7,88.5,89.8,94.4,90.8,85.1,98.1,113.1,72.6,78.4,69.8,70.4,79.0,89.4,71.1,76.8,72.3,85.4,91.1,92.0,102.3,95.0,84.9,91.6,80.4,74.2,83.7,87.6,59.7,83.0,90.8,90.8,147.2,101.2,117.8,89.1,72.7,88.7,83.1,100.9,163.4,77.9,81.8,78.5,86.3,113.1
