year,county durham,darlington,hartlepool,middlesbrough,northumberland,redcar cleveland,stockton-on-tees,gateshead,newcastle upon tyne,north tyneside,south tyneside,sunderland,blackburn with darwen,blackpool,cheshire east,cheshire west chester,halton,warrington,allerdale,barrow-in-furness,carlisle,copeland,eden,south lakeland,bolton,bury,manchester,oldham,rochdale,salford,stockport,tameside,trafford,wigan,burnley,chorley,fylde,hyndburn,lancaster,pendle,preston,ribble valley,rossendale,south ribble,west lancashire,wyre,knowsley,liverpool,sefton,st. helens,wirral,east riding of yorkshire,kingston upon hull,north east lincolnshire,north lincolnshire,york,craven,hambleton,harrogate,richmondshire,ryedale,scarborough,selby,barnsley,doncaster,rotherham,sheffield,bradford,calderdale,kirklees,leeds,wakefield,derby,leicester,nottingham,rutland,amber valley,bolsover,chesterfield,derbyshire dales,erewash,high peak,north east derbyshire,south derbyshire,blaby,charnwood,harborough,hinckley,melton,north west leicestershire,oadby,boston,east lindsey,lincoln,north kesteven,south holland,south kesteven,west lindsey,corby,daventry,east northamptonshire,kettering,northampton,south northamptonshire,wellingborough,ashfield,bassetlaw,broxtowe,gedling,mansfield,newark,rushcliffe,herefordshire,shropshire,stoke-on-trent,telford wrekin,cannock chase,east staffordshire,lichfield,newcastle-under-lyme,south staffordshire,stafford,staffordshire moorlands,tamworth,north warwickshire,nuneaton,rugby,stratford-on-avon,warwick,birmingham,coventry,dudley,sandwell,solihull,walsall,wolverhampton,bromsgrove,malvern hills,redditch,worcester,wychavon,wyre forest,bedford,central bedfordshire,luton,peterborough,southend-on-sea,thurrock,cambridge,east cambridgeshire,fenland,huntingdonshire,south cambridgeshire,basildon,braintree,brentwood,castle point,chelmsford,colchester,epping forest,harlow,maldon,rochford,tendring,uttlesford,broxbourne,dacorum,east hertfordshire,hertsmere,north hertfordshire,st albans,stevenage,three rivers,watford,welwyn hatfield,breckland,broadland,great yarmouth,king's lynn,north norfolk,norwich,south norfolk,babergh,ipswich,mid suffolk,camden,hackney,hammersmith fulham,haringey,islington,kensington chelsea,lambeth,lewisham,newham,southwark,tower hamlets,wandsworth,westminster,barking dagenham,barnet,bexley,brent,bromley,croydon,ealing,enfield,greenwich,harrow,havering,hillingdon,hounslow,kingston upon thames,merton,redbridge,richmond upon thames,sutton,waltham forest,bracknell forest,brighton hove,isle of wight,medway,milton keynes,portsmouth,reading,slough,southampton,west berkshire,windsor maidenhead,wokingham,aylesbury vale,chiltern,south bucks,wycombe,eastbourne,hastings,lewes,rother,wealden,basingstoke,east hampshire,eastleigh,fareham,gosport,hart,havant,new forest,rushmoor,test valley,winchester,ashford,canterbury,dartford,dover,gravesham,maidstone,sevenoaks,folkestone,swale,thanet,tonbridge,tunbridge wells,cherwell,oxford,south oxfordshire,vale of white horse,west oxfordshire,elmbridge,epsom,guildford,mole valley,reigate,runnymede,spelthorne,surrey heath,tandridge,waverley,woking,adur,arun,chichester,crawley,horsham,mid sussex,worthing,bath north east somerset,bristol,cornwall,north somerset,plymouth,south gloucestershire,swindon,torbay,wiltshire,east devon,exeter,mid devon,north devon,south hams,teignbridge,torridge,west devon,cheltenham,cotswold,forest of dean,gloucester,stroud,tewkesbury,mendip,sedgemoor,south somerset,isle of anglesey,gwynedd,conwy,denbighshire,flintshire,wrexham,powys,ceredigion,pembrokeshire,carmarthenshire,swansea,neath port talbot,bridgend,vale of glamorgan,cardiff,rhondda cynon taf,merthyr tydfil,caerphilly,blaenau gwent,torfaen,monmouthshire,newport,aberdeen city,aberdeenshire,angus,argyll,edinburgh,clackmannanshire,dumfries,dundee city,east ayrshire,east dunbartonshire,east lothian,east renfrewshire,falkirk,fife,glasgow city,highland,inverclyde,midlothian,moray,na h-eileanan siar,north ayrshire,north lanarkshire,orkney islands,perth,renfrewshire,scottish borders,shetland islands,south ayrshire,south lanarkshire,stirling,west dunbartonshire,west lothian,city of london,bosworth,wigston,sherwood,bedworth,west norfolk,deane,hythe,malling,ewell,banstead,bute,galloway,kinross
2004,4.8,4.4,7.7,8.4,4.5,5.7,6.0,5.5,7.1,5.2,7.9,6.1,5.3,5.0,2.6,3.2,6.4,3.3,3.9,4.8,3.6,5.3,1.9,2.2,4.5,3.7,8.2,5.0,5.0,5.2,3.0,4.7,3.7,4.4,4.7,3.0,2.6,4.8,5.8,4.5,5.7,2.0,3.6,2.8,4.5,3.0,6.5,7.9,5.0,4.6,5.0,3.4,6.8,5.9,4.1,3.0,2.3,2.4,2.2,3.2,2.2,3.9,3.1,4.5,4.8,4.2,5.9,5.6,4.4,4.3,4.7,3.7,6.5,8.1,8.1,1.8,3.6,5.3,5.0,2.4,3.8,3.5,4.1,2.6,2.7,3.5,2.1,2.9,2.6,3.1,3.4,3.4,3.9,5.8,2.8,3.2,2.8,3.8,4.8,3.1,3.0,3.4,3.9,2.1,3.5,4.6,4.5,3.7,3.7,4.7,3.3,2.7,3.0,3.0,5.2,4.0,4.6,3.7,3.3,3.5,3.2,3.4,2.8,3.7,3.2,4.4,3.0,2.6,3.1,8.4,5.7,5.5,8.7,4.2,6.2,6.8,3.5,2.7,4.1,3.7,2.6,4.0,4.3,3.0,6.5,4.4,5.2,3.9,4.6,2.9,4.1,2.9,2.3,4.3,3.3,2.7,3.1,3.2,3.4,3.6,4.1,2.9,3.0,3.9,2.4,3.9,3.5,2.3,3.1,3.1,2.4,3.5,3.1,4.0,3.9,3.2,2.9,6.3,4.2,3.5,6.2,2.7,3.0,4.8,2.7,7.6,11.4,8.1,11.2,9.6,6.0,10.1,8.9,10.5,10.4,13.1,5.7,7.1,8.3,6.3,4.1,9.1,4.7,6.2,6.5,6.6,8.0,6.0,4.0,5.1,6.7,4.3,5.6,5.5,4.3,4.6,9.0,3.1,6.3,4.1,5.4,4.2,5.3,5.3,6.4,5.3,2.7,3.5,2.7,3.1,3.1,2.9,4.0,5.4,6.6,3.5,3.4,2.7,2.7,2.8,2.9,2.7,3.4,2.3,4.2,2.8,3.7,2.4,2.8,3.0,4.0,4.5,4.9,4.5,3.5,3.0,4.7,4.5,5.2,3.4,3.3,2.8,5.1,2.8,2.5,2.3,2.9,2.9,3.1,2.8,2.9,2.8,3.4,2.7,2.7,2.5,3.0,3.4,3.3,3.1,4.2,2.8,2.7,3.3,3.1,5.1,4.0,2.9,4.7,2.4,3.8,4.1,2.4,2.5,4.5,2.5,3.4,2.8,2.7,3.8,2.8,4.1,2.4,3.4,4.1,3.3,2.9,2.9,3.2,2.7,5.1,4.3,3.7,3.6,3.3,3.6,3.1,4.1,4.7,4.2,5.4,6.0,4.2,4.7,5.6,5.3,6.5,6.1,6.9,4.8,3.1,5.2,5.2,3.2,4.6,4.3,5.3,6.0,4.1,8.5,6.5,3.3,4.1,3.7,5.1,5.5,8.2,3.9,7.6,3.8,3.8,4.9,8.2,6.2,3.0,3.5,5.2,3.2,3.1,6.0,4.8,4.5,6.9,4.3,6.3,2.9,3.4,3.3,4.4,4.2,2.7,4.7,3.4,2.9,2.9,4.3,4.1,3.5
2005,4.7,4.8,6.7,7.7,4.4,6.3,5.2,5.5,6.5,5.5,7.8,6.0,6.2,5.8,3.3,3.6,5.6,3.6,4.2,5.8,4.1,6.2,1.9,2.3,5.7,4.1,8.1,5.0,5.6,5.6,3.9,5.8,4.1,5.0,5.1,3.7,3.1,5.2,5.3,5.1,6.3,2.2,4.2,3.1,4.6,3.1,7.1,9.2,5.5,5.4,6.0,3.6,7.3,6.0,4.3,3.1,2.4,2.7,2.3,3.0,2.3,4.0,3.3,4.9,5.2,4.7,5.3,5.5,3.9,4.3,5.7,4.7,6.1,8.7,8.2,2.4,3.9,5.8,5.4,2.8,4.2,3.8,4.4,3.4,3.3,3.7,2.6,3.3,3.0,3.3,4.2,4.4,4.0,6.1,3.1,3.8,3.6,4.2,5.4,3.4,3.2,4.0,4.9,2.4,4.2,5.1,4.8,3.6,4.0,6.7,3.8,3.2,3.3,2.9,5.6,4.0,4.1,3.5,3.3,3.7,3.3,3.3,2.6,4.0,3.3,4.2,3.3,2.7,3.4,8.6,5.6,4.5,7.6,4.1,6.5,6.3,3.2,2.9,4.5,3.5,2.9,3.7,4.2,3.4,7.3,4.9,5.1,4.5,4.8,3.2,4.9,3.0,2.6,4.7,3.4,2.8,3.4,3.5,3.5,3.7,5.0,3.1,3.2,4.6,2.5,4.1,3.5,3.0,3.8,3.6,2.5,4.2,3.5,4.0,3.7,4.1,3.0,7.1,4.4,3.9,6.5,3.0,3.0,5.0,2.8,7.7,10.6,6.9,8.2,8.5,5.9,8.6,7.4,9.3,8.5,11.8,6.0,7.2,9.1,7.0,5.0,7.9,4.7,7.0,7.7,8.8,8.8,6.2,4.8,6.5,6.4,5.0,6.8,7.3,4.1,4.7,9.1,3.5,6.3,4.2,5.0,4.4,5.1,4.9,5.7,5.7,2.8,2.9,2.7,2.9,3.4,2.9,3.7,5.1,6.2,3.9,3.6,2.8,3.1,2.7,3.0,2.9,3.5,2.6,4.4,2.8,3.6,2.6,2.9,3.6,4.3,4.3,5.0,4.7,3.8,3.2,4.6,4.5,6.4,3.2,3.0,3.0,4.8,2.5,2.3,2.1,2.7,2.9,3.1,2.4,2.9,2.9,3.4,2.4,2.7,2.6,3.4,3.6,3.7,3.3,4.4,2.9,2.7,3.6,2.8,4.7,3.9,2.9,5.2,2.6,4.1,4.5,2.5,2.8,3.9,2.8,3.3,2.6,2.6,3.9,2.5,3.9,2.2,3.3,4.3,3.3,2.9,3.0,3.2,3.2,5.2,4.5,4.1,4.1,3.8,4.4,3.4,4.2,4.9,4.1,5.3,6.4,5.5,4.8,6.1,6.0,7.2,6.2,7.9,5.5,3.5,5.7,4.6,3.2,4.7,4.4,5.1,5.6,4.2,7.1,7.0,3.7,3.7,3.6,5.2,5.6,8.2,3.9,7.0,4.4,4.0,4.7,6.8,6.2,3.0,3.6,5.4,3.7,3.5,5.6,5.1,4.4,6.9,4.7,7.0,3.3,4.2,3.8,4.2,4.4,3.1,4.6,3.2,2.9,2.9,4.4,4.2,3.6
2006,5.9,5.10445619,8.5555034,8.00010358,5.9,7.18454445,6.02888387,6.24003736,8.17610927,6.44518395,10.21381282,7.37408879,6.41244535,6.09349592,3.5,4.1,5.84760555,4.30600384,4.43183575,5.58602543,4.40166616,4.82378335,2.0700144,2.95832774,5.27102821,5.18380551,7.12787235,5.81280971,5.96313861,6.22117986,3.61616494,5.38624116,3.73991593,5.27029781,5.56235449,3.3905367999999996,3.25502967,5.42925979,5.24179705,5.96254174,5.90670002,2.29455816,4.12376096,3.26286938,4.94924235,3.94387664,7.6502038,8.85732749,5.93915129,5.37269761,5.85766797,4.52963784,8.0350173,6.33353566,5.31899103,4.45415044,3.1047661,3.45027159,3.05244918,2.89109379,3.56081072,5.51452735,4.81342465,5.90362381,6.10430283,6.27516608,7.21439611,6.33821252,5.08880717,4.90089074,5.41542703,4.78738136,5.74043522,8.43710528,9.35400817,3.34672372,4.46676502,6.29813449,6.14778358,3.81668843,5.06929597,4.05958439,4.65646514,3.87388595,3.15995457,4.6189083,3.4828309,4.02309443,3.08020469,3.7056101000000004,4.425235,5.17147043,5.30029393,6.00442352,3.74757421,4.78040688,4.05676706,4.6359392999999995,5.56186324,3.4949586999999998,4.22252003,5.02435559,5.29178764,2.66835161,4.72782203,5.42048293,5.49412955,5.02193413,4.26038796,6.08892455,4.61253861,3.07025037,3.34645146,3.6,5.07131529,4.97002375,4.17807461,4.18920716,3.62084701,4.51862954,3.44931911,3.51541404,3.20917647,3.86392939,3.29395687,4.94770964,3.81255976,2.7591,3.84673794,9.53957459,6.64065631,5.07016346,7.26044587,4.08074154,7.14579674,7.20798877,2.9645212000000005,2.66338995,4.27130895,4.19410966,3.13564016,3.95142634,4.85443626,4.112054205,7.88151349,5.61101541,5.80449643,4.99958437,5.44043569,3.34299993,5.84925513,3.6869735,2.94305543,4.92587051,3.97984584,3.40043183,4.00158965,3.72534219,4.4309935,4.16172175,5.11049997,3.86278443,3.58825063,6.1810946,2.69172545,4.4943849,4.21779511,3.75026334,4.00655473,4.47117141,3.31170653,5.14024823,4.14411065,4.10130037,4.3342945,3.81875667,3.51189433,7.66819835,4.71017653,4.47988031,6.73330862,3.58209977,3.78277325,5.18530765,3.81258793,8.27058241,11.6122521,7.90428274,9.34652614,8.87458357,6.85997737,9.09760532,8.30512163,11.72924714,9.52056666,13.98809469,7.17251475,8.24372294,9.45468351,6.76512765,5.46558997,9.13047788,5.12235557,6.64511142,7.32117822,6.70096206,8.04975131,6.71947362,4.76427765,6.80279079,7.58096125,4.66220469,6.47363681,7.16636219,4.08652858,5.11629465,8.42213986,3.45457735,6.74694222,4.80873569,6.00312096,5.56220318,5.88011325,4.95108793,6.64429156,6.92035149,3.56966553,3.96206576,3.46940379,3.51698915,3.6326841,3.84898162,4.16354363,6.083618599999999,6.7951068,5.33143208,4.55531451,3.55130092,3.70792864,3.34655785,4.04163173,3.74138123,4.18983457,2.86407533,4.8945607,3.9491680000000002,4.14740234,3.09221709,3.46131089,5.04015374,6.15460736,5.02411806,6.350814,5.40639515,4.33561999,3.65473227,5.89229198,5.82548861,7.44877244,3.79478048,3.55790421,3.67201769,5.90958134,3.20172597,2.84106213,2.83189717,3.81599782,3.59936236,3.64969263,2.9021548999999998,3.58522915,3.61623485,4.61621598,2.96394157,2.78616459,3.15584942,3.38583795,4.32343245,4.39063766,4.44573265,4.264978500000001,3.99991362,3.31603175,4.54449215,3.64458032,4.56663377,4.0,2.58823732,5.82232585,3.19135542,4.12870461,5.31181442,2.9,2.99211314,4.72598049,3.29688466,3.44365465,2.74072498,2.85744323,4.3811654,3.22181689,4.20985074,2.44485377,4.13144814,3.95789061,3.85431987,3.24492141,3.28872684,4.09185477,3.45940487,6.07918701,4.15512675,4.81362003,4.73593019,3.83127313,4.44417742,3.46745689,4.97586016,4.93791308,4.56434462,5.519267299999999,5.90421433,6.26142099,4.61903705,5.80769259,5.67036488,7.93048924,5.71988174,7.5730382,5.15820103,3.73770938,5.89155638,4.08464284,3.05469586,4.86277826,3.92245457,5.15015387,5.42642047,4.35626827,6.86377965,6.31354513,3.83245151,3.36223691,3.62048625,5.38997666,5.82668627,7.89624027,3.74520804,6.74875899,4.66146147,4.01109763,4.98212393,7.72447217,5.75863663,3.15391795,3.75242372,4.68838844,3.82877814,3.76809581,5.51058712,4.6719621,4.53307658,6.54116747,4.82778417,6.76512765,4.02309443,4.425235,4.61253861,4.94770964,4.71017653,3.70792864,5.89229198,3.79478048,3.59936236,3.58522915,3.92245457,4.35626827,3.75242372
2007,5.1,5.791250499999999,8.56667382,7.62227829,5.0,6.65836018,6.40612744,5.90597382,7.08146263,5.71280604,7.12835626,6.488300499999999,6.38936985,6.37600374,3.5,4.3,6.94433203,3.59101072,3.96913507,6.32257596,3.7160415999999996,5.9373547,2.57746313,3.04955566,5.78079556,4.60828621,8.08247555,7.34802413,6.50712118,5.70551426,4.01884757,5.8564802,4.10929409,6.33338251,6.84236241,3.660073,3.71114027,6.36064931,5.06572074,6.26065323,5.83316165,2.50366661,5.05235896,3.29900432,4.43506474,3.6568426,8.01984066,8.46515701,6.26231319,6.10611491,6.42742202,3.79530098,8.58965939,6.55141779,5.32856758,3.8175529000000004,3.24452119,3.23030638,2.78004462,3.43319171,3.657053,5.45484287,3.66410041,5.71859955,6.00473287,5.41511176,5.94372854,6.90357895,5.0485484000000005,4.80986552,5.63148792,5.46548364,6.28120053,8.65371593,8.2745693,2.70814085,4.59141926,6.28050526,6.1739514,3.54830492,5.00797408,4.04545252,5.2791293,3.60790695,3.05292341,3.8977806000000004,3.19816147,3.68577448,3.49647955,3.60694988,3.92706337,4.96997394,5.26174135,6.65771551,3.76421795,4.26460218,3.74635393,4.4325111,6.36480194,3.61091684,4.05926654,3.88590323,4.51212357,2.60755778,4.34011436,6.33582978,4.43837871,4.30634506,3.85734809,5.85216345,4.49061445,3.15597538,3.46407312,3.6,6.65536979,5.75302364,5.10228735,4.51566309,3.3005686,5.41478618,3.60899984,3.60509978,3.13695775,5.12794165,3.62067533,5.85251237,3.74806267,2.84846789,4.44099295,9.08935707,6.60996615,5.87009451,7.96678132,4.5101092000000005,7.41069788,8.51219479,3.09994622,3.37721014,4.64192444,4.41497657,3.48246148,4.41963474,4.72823821,3.3696461589999998,7.78136667,5.79791981,5.72767341,4.34724126,5.26862198,3.55097048,4.81572842,3.25667603,2.96901073,4.21461737,4.07876915,3.35307075,3.58352676,3.68055107,4.22237569,4.51214877,4.92689312,3.82214726,3.65913551,6.01728326,2.48327587,4.22984764,3.69921134,3.07771166,4.15176461,3.69933038,3.2833900999999996,4.20694434,3.37721353,4.82986923,4.24116462,4.13912563,2.95264372,6.3650069,4.80778919,4.68564449,6.82272113,3.40332239,3.164947,5.20466817,3.17410614,6.94482076,11.37742787,6.95286199,9.72366502,7.94285296,5.73379557,9.86621488,9.70044788,11.38044665,9.37791779,11.67272033,5.46164445,6.64290229,7.83716098,5.2102638,4.43723674,8.69002968,4.35694365,6.03222109,6.41404315,6.68846526,7.31405677,4.86307279,3.89895803,5.83114356,5.50824351,4.10480323,4.65919582,6.13042507,3.52209734,4.71295404,7.63117277,3.66818697,6.43650957,5.61403942,5.37530056,4.39384446,6.25073738,5.2030747999999996,5.9050234,6.45430804,3.02094158,3.29430466,2.71298265,3.30238324,3.22720108,3.33125871,3.67857273,6.14643635,6.99777935,3.95385433,4.11486304,3.23166755,3.56331865,3.20599442,3.52507236,3.55569603,3.74820738,2.66851798,5.39545872,3.64378099,4.0206866,2.83555005,3.03309608,3.91565485,4.30543067,4.63190575,5.13658358,6.47017117,3.98843314,3.10201511,6.072972,6.26257134,7.08780499,3.68724221,3.40800158,3.45986053,6.4794761,3.25543502,2.41367609,2.72663502,2.63642152,3.11853741,3.15445838,2.45924947,3.00902723,3.09220561,3.81320457,3.05049009,3.2935388999999997,3.15005915,3.4753062999999993,3.41453997,3.95408139,4.22379535,3.97824599,3.08002204,2.99394364,4.55632097,3.7269160000000006,5.12379379,4.3,2.87104311,6.16819584,2.96098614,3.62827883,5.08919387,3.2,3.15096664,5.3769926,3.18125362,4.13411477,3.01348587,3.53802762,5.15252911,3.41567934,4.4718124,2.47664161,4.23036355,4.34370381,3.00056512,3.19281208,3.44597295,4.31560163,3.25936682,5.51772909,5.2029899,4.56484515,4.99455655,4.34742908,4.93116105,3.9670252999999995,5.18187731,4.15762076,5.06183835,5.75659893,5.99374184,6.15214115,4.97809204,6.20589603,6.35725866,7.66910569,6.49187893,7.66034233,6.48129856,3.48064615,6.32136301,3.76150321,2.42410611,4.48678069,4.043865,4.29488248,5.45914908,4.13563317,6.64876061,6.23368383,3.08094853,3.39991729,3.32001357,4.56464661,5.5832386,6.94298612,3.21655989,7.07623891,4.10998954,3.43626353,4.1190122,6.38770926,5.38541565,2.6469207999999997,3.36033828,5.05570586,3.11496312,2.60475111,4.93193164,4.10712057,3.86842569,6.29257731,4.75900113,5.2102638,3.68577448,3.92706337,4.49061445,5.85251237,4.80778919,3.56331865,6.072972,3.68724221,3.11853741,3.00902723,4.043865,4.13563317,3.36033828
2008,6.3,6.31654778,9.44974757,9.71162822,5.9,8.52612612,7.73519537,7.07106207,8.82242807,6.70365154,8.36344598,8.18542333,6.99750068,6.43265056,4.4,5.1,7.05034819,5.08413264,4.31843578,5.63880665,4.94953675,5.98383148,2.58615877,2.78563009,7.19939439,5.63243025,9.78506952,8.43242151,7.29506009,7.34545991,5.23821682,6.84317643,5.08783772,6.10211885,6.95866467,4.41035417,3.50645631,6.76074994,5.9900899,6.22333399,7.10052405,3.42131834,5.35655786,4.49547574,5.68816617,4.73702869,7.93541431,8.31635927,6.03310279,7.08764365,6.51961709,4.28337695,9.72619281,7.45664177,5.81999698,4.4667627,3.19266915,3.6733245,3.31337371,3.41830679,3.76259637,5.53893937,4.32236411,7.00422335,7.02321717,7.52724934,6.56054361,7.10773391,5.89116898,6.18748182,6.52508666,5.77244739,6.48179673,11.11288314,9.16476555,3.37344598,5.18169036,6.17231452,5.95309116,3.39022849,5.88972972,5.31054501,5.22495581,4.18470481,3.65761093,4.52485082,3.37345032,4.23049878,4.17265344,4.80541027,5.25999138,5.04591169,5.08344574,8.26578983,4.07672262,5.22556922,4.77012892,5.78397272,6.36326791,4.65282499,5.01480268,6.04564137,5.80390998,3.10515519,6.18298876,6.45814414,5.4154372,5.41388517,5.34867693,6.00636107,4.9561475999999995,3.8202391,4.21350943,4.3,7.34828841,5.54142619,6.23723713,4.86190976,4.09789328,5.41505868,4.10709825,4.81116354,3.98457554,5.25094072,4.58128389,5.86407742,4.48307883,3.22184124,4.72544603,10.87937167,7.94058615,7.21575105,10.55356196,5.99325856,8.37193741,9.98120514,3.74876761,3.82516931,6.17147186,5.37823412,4.16866485,5.43128288,5.63921206,3.875785514,8.42586991,6.50132595,5.77699448,5.77126142,4.99276775,3.25782429,6.30262511,4.00044558,3.33676761,5.28369875,5.15698685,3.78132628,4.27820677,4.24722873,4.78659828,5.05816697,5.92895468,3.64776726,3.83572326,6.34157457,2.93193914,4.42977355,4.33997912,3.19337949,4.85629396,4.04426262,3.07239056,5.2865343000000005,3.95231899,4.80968733,4.05323543,5.3057581,3.92889822,7.93105477,4.93519488,5.83784179,7.33022417,3.94362163,3.44320081,6.12769117,3.75858051,6.95612522,8.96754354,7.71472572,8.98445671,7.90084897,6.41884452,8.77535237,7.8515293,10.05843543,8.41551338,11.31841368,5.4709768,7.67640512,8.62134412,6.38043484,5.63743878,7.34408438,4.53051832,6.13019631,6.88817451,8.32446721,7.86236997,5.97785569,4.95296776,5.60596945,5.94080818,4.75693219,5.31547846,7.19225576,3.69646976,4.43257341,8.73972618,3.54073075,6.81639116,5.81980317,6.29833713,5.00702395,6.32225674,5.24426884,6.30980891,5.7938969,3.30911252,3.58751717,3.26577115,3.48919142,3.31753632,2.83371133,4.60671231,5.70913649,7.81118734,4.42549,5.00272664,3.69316698,3.99704591,3.59006225,3.79694879,3.96075467,4.7822356,2.7588977999999997,5.919704599999999,3.72098379,4.51722028,3.3045695,3.3051457,4.08057707,4.77543841,5.53892767,5.18132515,5.90966919,4.32530883,3.86058747,5.41557905,5.68310993,7.25778572,3.89185645,3.93367558,3.55215461,5.33698169,3.39031677,2.89554984,3.00243972,2.87283145,3.27985751,3.18284437,2.86776363,3.51217858,3.57418934,3.53975731,2.82061506,3.6197241,3.22269337,3.43173972,4.7176703,4.27172879,4.00026032,4.83120716,3.39308712,3.22012578,4.94105817,3.6107068999999994,4.97057124,4.4,3.63042751,5.623384400000001,3.13822866,4.83360061,5.95893996,3.7,3.01039951,4.87671341,3.70310582,4.08636368,3.51963432,3.18175532,5.04380313,3.01410526,5.13991376,2.83435255,4.72664794,5.42033282,3.37254289,3.41517509,3.63669377,4.54792816,3.11966468,6.70292818,5.43728409,5.66115756,6.14857742,4.62821107,5.54561722,4.39237912,4.98520415,4.75361415,5.66434888,7.10601261,6.37626237,6.61874225,5.93604867,6.52231475,7.02891454,7.96861232,7.71623616,9.19203244,7.66494205,4.11390066,7.96779533,3.63925145,2.48206012,4.34200629,4.30434102,4.49188991,5.3609067999999995,4.57432023,6.4324471,6.02686509,3.90677677,3.50160421,3.4957044,4.39987204,5.71766964,7.18061937,3.37246691,6.18789901,4.03228598,3.69577338,4.33944587,7.31894714,5.87144707,2.55323674,3.47575682,5.45396804,3.62963674,2.35999493,5.17735788,4.39292759,4.55469852,6.77781196,4.65016432,6.38043484,4.23049878,5.25999138,4.9561475999999995,5.86407742,4.93519488,3.99704591,5.41557905,3.89185645,3.27985751,3.51217858,4.30434102,4.57432023,3.47575682
2009,8.6,8.64343091,12.40005917,12.28175233,7.1,10.64146751,9.143456800000001,8.49884801,10.89791483,8.27334095,11.96202231,10.5804528,9.39875124,8.73529155,6.4,7.1,10.87936727,7.1369276,5.28824226,6.95089623,5.9981337,6.99200848,2.75976139,3.0616421000000003,8.64382079,8.85066106,12.11811635,9.47837848,10.56811607,10.26693376,7.70694674,8.99881208,7.39195056,8.8124892,8.87081142,6.25161107,4.42739005,7.75990404,6.49785846,8.37053058,8.9828708,3.97132573,8.72526203,6.21255426,9.09027148,4.45100091,10.55878937,12.06671515,8.08950544,8.85258367,8.73422245,6.23850782,14.44057875,10.46080876,8.33828274,6.40643402,5.01461901,4.30600784,4.74309736,4.35007484,3.8196642,7.78394851,6.86363027,9.64587178,9.86681934,10.36297795,8.8299041,8.493438099999999,8.45954845,7.74242284,8.74619368,8.41680209,8.13029355,10.68392827,12.37851351,4.3522834,6.30782925,6.89789497,7.74031464,4.37720665,7.808413900000001,6.03799458,5.99883847,5.8342981,4.96203412,6.47678899,5.23351202,5.84653744,5.18259168,5.79204282,7.44309852,6.95225113,5.90450131,8.55236346,4.72737704,6.31714771,5.99671066,7.58069875,8.83373171,5.8122467,6.54510081,7.64741895,8.76451407,4.80400809,8.22520932,7.44532838,7.04549478,6.93777268,6.44346413,8.08622683,5.69773775,4.65820868,5.38042905,5.7,10.25967292,8.52348346,9.85766127,6.87375318,6.06983533,6.94443838,6.21759232,6.51210563,5.22853121,9.24922438,7.95298045,8.51983358,7.12734894,4.7443728,6.52023407,13.41950769,9.90048608,9.87339267,14.05348553,9.00549667,11.74998307,13.06833866,6.00303118,5.37631061,8.87679052,7.38128608,6.11286414,8.50095215,7.21633028,5.917058712,9.790611300000002,9.0409591,7.404283,7.84677321,4.75972839,5.02363448,7.45206271,5.58862655,3.90325575,7.70105793,6.49173162,4.30640654,6.86733463,5.7530735,6.88982645,6.56171907,8.7400661,5.73178987,5.28963202,7.24255199,3.77797529,6.80997265,6.63436644,4.7127324999999995,5.43197355,5.76851675,4.3128760999999995,7.45367613,5.13491012,5.46639132,5.44412161,6.15016443,4.52561795,8.48523939,7.09962135,5.08191247,8.09730195,4.61287426,5.20222734,8.25128073,4.56489597,8.77340282,11.04408761,9.11590387,12.831752900000001,11.01152313,7.57437437,10.3736273,10.34081527,13.85737872,10.7477311,13.63869422,6.32709838,7.65110855,11.86005646,7.539013000000001,8.18999821,9.43601565,6.16883718,8.9777795,10.34298617,11.22005862,10.81388873,7.42799041,7.88097374,7.49949586,8.02828656,5.49290725,6.82630647,8.85193285,5.02517581,5.7481053,11.12720192,5.30073466,7.8428105,7.54819306,9.42025401,8.47478243,7.49165352,7.2571069,7.94075166,7.972494,5.09050331,5.1081985,4.86018869,4.73164093,4.49284588,4.52474945,6.08162196,7.93711483,7.8734537,5.98403843,5.29269548,4.40806181,5.73798177,4.62799479,5.11933681,4.95020456,5.7911195,3.87012718,6.51515356,5.30264856,5.45855131,4.36273947,4.51593557,5.76314953,6.19193908,6.25426661,6.41407942,8.03693759,5.36013405,4.58143363,6.70637636,7.85299517,7.99016814,4.94015939,4.74483386,5.85241714,5.66760357,4.13282838,4.50624151,4.20025859,4.31207752,5.02978252,4.96873657,4.28440721,4.99854098,4.48790783,5.25753554,4.4947441,4.51926736,4.33401228,4.76504485,6.74474897,6.16913008,4.5094482000000005,7.79765346,4.6061629,4.43109788,6.65648157,5.7263226,7.72297855,5.7,5.76426981,7.871599000000001,5.25478845,8.405014699999999,7.96811666,5.4,3.915864,6.42833046,5.00578309,5.50704041,4.25025309,4.92886978,6.03796277,3.72841568,7.17882595,4.51994042,7.90614999,8.19924773,6.35580432,6.48028463,6.1154419,7.25461059,4.89073748,7.37810213,5.98777431,6.53039801,7.16063719,6.65439282,7.18165854,5.22816143,5.06347736,6.1105133,6.8102134,8.5462212,9.4716554,8.98389852,7.89704959,8.41267162,9.93124517,12.40609979,10.81960103,14.70753996,10.39194608,6.1368905,10.21209732,4.03641576,2.75992837,5.36560586,5.65570609,6.28199326,8.2873682,5.47656431,8.98613971,9.67555649,5.88736423,5.22822674,5.53309772,7.23032797,8.00095223,10.49060298,4.21604725,9.19968857,6.35291547,4.41251395,6.05794037,10.53692953,8.40773291,2.27364134,4.09957841,7.6602277999999995,5.11922508,2.7107632,7.51847319,7.32226112,6.98773699,9.61805053,7.14801769,7.539013000000001,5.84653744,7.44309852,5.69773775,8.51983358,7.09962135,5.73798177,6.70637636,4.94015939,5.02978252,4.99854098,5.65570609,5.47656431,4.09957841
2010,8.7,8.10575872,11.40202037,14.40238801,7.4,12.20748045,9.41033878,9.39677625,9.6743716,8.73680318,12.28564236,10.68870337,8.580535300000001,9.86480128,5.6,6.3,9.5136732,6.01774432,6.16790986,7.86105739,6.14601629,7.08577204,3.52760616,3.45972048,8.70316367,7.28982409,11.2033085,9.25913979,8.83391983,9.474938,6.69349902,8.808705300000002,6.98100431,7.90567375,7.75683478,4.83424196,4.87807463,7.19291996,5.63690045,6.96721874,8.33470898,3.29730644,7.94965826,4.93120829,6.55554392,4.81191242,11.63664964,11.94304811,8.91478424,8.26654494,8.24720189,6.4055652,13.61436956,10.86440244,7.77351512,6.52886804,5.14734643,4.05038915,4.92229781,4.76491126,4.43158226,9.34495755,5.78602204,9.99971576,9.51465546,9.37572138,8.54325723,10.15817163,8.78390043,8.28980461,9.20742453,8.77819948,8.98463364,11.16442947,13.89472933,4.1585116,6.59937438,7.54547913,8.05633031,4.31407605,8.34299144,6.77888273,7.64719545,5.22661667,5.59472044,6.611077099999999,4.74977936,6.70108038,4.96571885,5.23579767,6.39577997,7.343876600000001,6.7466479999999995,7.81287874,4.8402145999999995,6.59897979,5.92333841,6.98324712,8.65338726,5.84639614,5.40698684,6.44620167,8.03866137,4.45655611,6.86169011,8.33772058,6.80449615,6.96639902,6.35578862,8.08081777,5.70089807,4.90932512,5.31396201,5.2,9.71642026,8.17839697,7.20170197,6.31071729,5.32650739,6.97616292,6.95326982,5.53220817,4.64537668,9.45372021,6.59847408,8.7728814,7.26561269,3.94965807,5.54736036,12.79267954,9.06283518,10.07177762,13.04757622,7.71759635,11.39861301,12.61205363,5.88214252,5.27681932,7.57648202,6.99516959,5.07992587,7.14809704,7.19510544,5.706949762000001,8.58284758,9.71822291,7.48724742,8.20853788,5.24938361,5.25742464,7.34986017,5.67446829,3.92732367,8.02947128,6.05085082,4.87213252,6.83556083,6.01467081,6.35385186,7.277495599999999,9.38215327,6.50286383,4.64451458,9.14970193,4.45218948,7.73949465,5.23179085,4.32347873,6.13468258,6.11188629,4.82808854,7.100263099999999,5.96546968,7.02142202,6.76899302,6.27523133,4.84344987,9.54997603,6.85469458,6.49955621,8.96039631,6.02415854,5.24796448,8.36020147,4.79591323,8.74518926,10.399347,8.50310996,10.57239892,9.26964046,6.98578148,9.25936387,10.51627475,12.75858388,10.01813498,11.94190267,6.98624022,8.21234325,13.13250551,6.99200924,8.54289395,8.87662564,6.93438104,8.11784586,9.23054771,9.90826368,9.68794764,6.64031525,8.5342313,9.31208962,7.55232317,6.939555900000001,6.97922038,8.90688857,5.94629013,7.16194272,11.19483204,5.08403726,7.42688606,9.38372549,8.20753556,8.55889775,7.75108409,7.09405224,7.45508553,7.64942917,4.59642815,5.4748947,4.33032118,4.91672445,4.71397002,4.98441588,5.93215486,6.6650216,10.22002085,5.58394071,6.91594459,4.4142453,5.6161002,4.88518436,5.28986892,4.74061304,6.81698783,4.10182755,6.75255717,5.36308443,5.69226657,4.19713573,4.25958209,5.87666822,7.28097009,6.78718033,8.02661627,7.67156457,4.72638985,5.6242564,9.310991699999999,8.26610446,9.7162969,5.06046236,4.86948211,4.97337917,6.60301515,4.25106028,3.98469712,3.71927998,4.14336428,4.62861189,4.709178700000001,3.99826085,4.90718321,5.26301747,5.93074186,4.5102902,4.338581400000001,3.98878768,4.90819238,6.7452644,6.63318503,4.24627783,7.54361629,4.99659544,4.06975932,6.44583974,5.72811425,7.09444907,6.6,5.38648857,7.31169392,4.6737453,6.95658396,9.50656248,5.0,4.82990481,5.25558904,5.05797572,5.15123075,4.43026411,5.08096504,7.30625863,5.2224613,7.06088419,3.86859531,6.02454691,6.96385218,5.45258323,5.4019112,5.26586463,7.34734255,4.74535121,7.47300788,6.60320101,7.00414438,8.37652364,7.09904886,7.3043662,5.26260929,5.38676719,7.74986466,7.56729074,8.81570205,8.771195500000001,8.14777495,7.73802673,9.01310722,10.55718436,10.83823894,9.79911394,12.92595811,8.82601353,5.28616392,9.78791674,5.10377766,3.59505658,6.59774296,6.20804377,6.49008528,7.51221928,5.91165148,9.23496941,9.02923675,6.09336357,6.87253471,6.01796087,7.75721023,8.550715499999999,11.90191947,4.5836117,8.21232627,7.3752015,4.59073247,6.46464062,11.76558603,10.42138151,3.31598788,5.30955588,8.81836705,6.07709477,3.53865461,8.84265572,7.66948722,7.11175707,10.36203196,7.13021495,6.99200924,6.70108038,6.39577997,5.70089807,8.7728814,6.85469458,5.6161002,9.310991699999999,5.06046236,4.62861189,4.90718321,6.20804377,5.91165148,5.30955588
2011,8.8,9.57212673,14.61209071,15.58960169,7.8,12.41369396,10.00400195,10.56056287,10.22286275,9.61653414,12.07727352,12.14062575,9.22422283,10.48677922,5.7,6.7,9.91699295,6.78982113,7.64533433,9.60901304,6.20117482,8.15896532,3.76366813,3.55277123,8.86098004,7.60833415,11.56560841,9.97042118,10.76890946,10.35180275,7.18079907,9.73020158,6.85607875,8.71503048,7.98115831,5.53157049,4.61011682,7.58527827,6.25044439,6.99957173,8.34508527,3.54972181,8.86314189,5.586513200000001,7.0047481,6.0583327,11.92435304,11.20782346,9.40717609,9.22959039,8.73476213,6.52611872,15.06065307,12.29792468,8.31862596,6.275247900000001,6.39961485,5.1279559,5.59627963,5.90100076,5.00888346,7.65247143,6.48621487,10.46607841,11.8401733,11.57193903,9.73252175,11.21554792,8.43800593,8.81218271,9.13723236,10.04874144,9.52955008,12.85123747,13.29768258,4.89709166,8.49948584,8.8240058,9.68867302,4.357753099999999,10.073568199999999,6.61122762,7.80326722,5.99467253,5.32667855,6.37977655,4.54133832,7.62925498,5.15113983,6.26849271,6.43150252,8.39589937,7.51363995,9.56507941,5.541641,6.34625344,5.71496378,8.54800228,8.45761403,5.98830203,5.51505601,6.41934388,8.06871564,4.84598295,7.47388038,9.92734005,8.80577074,7.51194867,7.58849366,10.97021375,6.39679293,5.95437052,5.70919408,6.2,10.92566506,9.35022147,9.28288712,6.56396987,6.31889097,8.32337026,6.40842337,5.22414533,5.66143696,9.98678295,6.01609212,9.35624604,7.23108287,4.8048679000000005,5.58126122,13.533958199999999,10.19318554,10.15117893,12.07511912,7.84598768,10.84509396,13.36843634,6.15564181,5.692398799999999,8.21809363,7.9571488,5.07774293,6.9084075,7.39335487,5.734356469,10.02530979,9.16387906,8.25916573,9.21830583,5.36654526,5.07466578,8.36621764,5.7024080999999995,3.87940303,7.71030359,5.96701479,4.27953941,7.02833062,6.16700995,6.25066386,7.37561847,8.86440814,6.31780449,5.12466956,9.72333887,4.42421289,6.85489805,5.72018538,5.21221688,5.8489100999999994,5.7853612000000005,4.36630416,7.67857371,5.836067400000001,6.41104003,7.43588904,5.66082124,4.8068515,10.87267649,6.95847813,6.65493616,9.26805606,5.54730334,5.67941227,8.76330547,4.53442412,8.75461985,10.700763,8.09489478,11.45344188,9.48145711,7.29857214,10.42947989,10.35748931,14.1828219,11.71885083,13.04188307,6.53761426,7.83837678,13.0173916,7.95542441,8.00371917,10.78437434,6.87904156,10.75397717,10.025765,11.96886783,10.76491338,7.02061017,8.22530773,7.77153402,7.88458826,6.61396554,7.83331532,10.51395258,4.80938259,6.98509251,11.45552925,5.12353839,7.54414182,9.26505574,8.64991018,7.256587799999999,8.02780173,6.78696849,9.10115871,7.21112214,4.55991542,4.5299094,4.23275032,5.78103609,3.87382462,4.16806736,5.51798205,6.81452154,9.49575376,5.15947081,8.02294449,4.28136039,5.22894487,4.7522695,5.52564011,3.97586432,6.19500749,4.12961374,7.57013721,5.08628716,6.3435522,4.31168181,4.38652435,6.39645318,7.33490736,7.17865901,7.62040239,9.44756846,5.06791522,4.46416199,7.6948936,8.42881553,13.37084427,5.38637365,4.29643675,4.93791335,5.73750887,4.0594095,4.13013566,3.66161908,4.36502829,4.24175027,4.74619829,4.38586716,4.43080415,5.28188615,4.71401866,4.80454313,5.25449218,4.11348537,4.98888874,6.86682694,6.37032839,5.20823233,6.40775407,4.60975519,3.80650291,6.11008055,5.67337893,7.95613327,6.4,5.84544309,7.67169767,5.33618378,6.84048411,8.95260007,5.0,5.32648367,5.97780249,4.87376991,5.26379925,3.72460935,5.77355707,7.8170847000000006,6.29681162,6.52300031,3.85200131,4.79325123,7.38915575,4.57170249,4.99113428,5.82285159,6.88804057,4.73305783,7.43634376,6.83206267,7.58055116,7.35768775,6.62716898,7.533581900000001,5.51684709,6.501950900000001,6.83019363,7.00585628,9.04217179,9.33221344,8.04878669,7.40017871,8.54239607,10.16577566,12.78359625,10.55130672,14.07968372,10.23518166,4.94857174,10.23221788,5.78951196,3.98620166,6.9899586,7.06479557,7.01185307,10.08222636,7.86687254,9.912095800000001,10.79526815,5.99371951,7.30113748,5.71398591,8.62106024,8.98633168,11.4500904,5.31981804,10.97308595,7.58093631,5.30584764,7.60738712,12.73126899,10.53834629,4.2857348,5.62568048,9.93789575,6.08931913,3.59079898,9.75155243,8.2243617,7.07344568,11.12122758,8.18066295,7.95542441,7.62925498,6.43150252,6.39679293,9.35624604,6.95847813,5.22894487,7.6948936,5.38637365,4.24175027,4.43080415,7.06479557,7.86687254,5.62568048
2012,10.0,10.373393199999999,13.86249484,15.50579852,7.6,12.08739022,10.94912754,11.47992592,10.47127885,9.68895344,12.940388800000001,9.71595255,9.791231800000002,9.73707189,5.8,7.0,10.05927102,6.45603333,7.1138417,9.14340499,5.63160992,7.64758025,3.09732326,3.25782735,9.24282287,8.6582011,12.81501528,10.26467636,10.49328428,9.92118308,6.409960900000001,9.78253128,6.88669527,9.02504581,8.95852731,5.8708919,5.30944908,7.52631726,7.53687165,8.42428375,8.55889711,4.00411013,6.51646015,5.55364986,7.67496865,6.35430136,12.732336,11.48579647,8.55145325,8.39013917,7.65744269,6.86455564,15.72213212,11.46841383,8.12617928,5.74261288,5.02150102,4.53195005,4.46707623,5.29437718,4.97157765,8.66423775,5.57255002,10.40362483,10.98310734,9.65707468,10.63024114,10.72543379,8.20125443,8.47895298,9.76505713,9.96869538,9.72228013,12.97060698,13.59230867,4.41196659,7.275764,6.92767849,8.40231077,4.61886515,6.73315119,7.46017852,7.07507076,6.05784344,4.9796476,6.669987,3.81784498,6.01214025,4.67635104,6.59758333,6.84853066,6.40946509,7.35101373,9.93818128,5.31895842,8.05912783,5.99960097,7.96611553,7.71329181,5.87359022,6.27831473,6.95389711,7.41603553,3.73621938,8.35843592,9.609853,7.95326797,6.76472486,7.43207506,9.34945811,6.98288382,4.96432661,5.36973842,5.7,8.59810491,8.37617525,7.64939492,5.71639502,5.0154467,6.65934674,5.78428547,4.40127112,5.50456635,8.28511775,6.47227909,7.871346000000001,4.37144811,3.84510367,4.95261646,14.31429079,8.770318199999998,8.21760298,12.18690241,6.86739983,11.16688007,12.62510113,5.14706363,4.98149914,5.83669688,7.3178474,5.1698432,6.63667069,7.29052596,6.094552587000001,10.77425061,9.326862,7.66573808,8.31552893,4.68834933,5.60477146,10.02642234,5.43945389,4.34506929,7.78644512,6.79389918,4.74167814,7.33283344,6.20418331,6.84293153,5.836332,9.63968963,5.46355658,5.40316094,9.06671923,3.63166337,6.35244808,5.98938165,4.41495123,5.57179573,6.40366373,4.80860832,7.01761662,6.4966091,5.20470067,6.15178099,6.93903886,4.4447941,9.28629051,7.4825652,4.81335852,9.65213191,4.30218947,5.4956357,9.36795732,4.75064431,7.77392223,10.75244519,8.58322291,10.29415841,9.57208754,6.41808566,10.03616377,10.5424594,12.5386616,9.97279753,12.17855629,6.62829899,7.37435223,13.46647545,8.85901519,7.64523771,10.27476581,6.61860383,10.36231048,10.85245056,11.4109231,10.70108308,7.75805172,9.35515014,8.2392028,7.45890529,6.25800753,7.315498700000001,9.36089414,4.57616677,6.72496928,10.79204164,5.45267704,8.06447426,8.22247103,8.459661599999999,8.2477787,7.81544382,6.05981592,8.970264199999999,7.90157536,4.75627228,4.49404832,3.84552366,5.80457318,4.61156159,3.64609054,5.9955608,7.45456198,9.88913034,5.59982819,7.30538861,4.84784094,5.04916161,4.46463914,4.67265756,4.55716138,7.11046511,3.67045619,7.59039683,4.75701073,6.66655394,4.51690081,4.03887003,6.42700023,7.4572553,6.74512061,7.63551051,9.42789838,6.29576355,4.52626845,6.94508484,8.38685722,11.10148887,6.33655582,4.20632014,4.61146093,5.8929075,4.06394227,4.1746675,4.07689662,4.28770589,4.17376762,5.08227843,4.25555665,4.98250289,4.51833459,4.43323062,4.89431638,5.0483628,4.25420912,4.05749432,6.23501261,4.90828604,4.73175124,6.9008189,4.50827973,3.49728654,6.53585458,5.78872563,7.40245158,5.9,6.38367752,8.85264507,5.86758913,7.27671648,7.60474976,5.2,3.85311411,6.07761477,5.15609639,4.37848323,3.8584604,4.81931129,6.1083302,4.73266095,7.05230616,4.31077094,6.51612591,7.12356417,4.24617118,5.05149316,5.11621448,6.51701374,5.063307900000001,6.34892992,6.01931615,6.60233913,7.26740963,5.99981492,7.40427041,4.86252232,5.78710249,6.42556609,6.074689599999999,8.5046299,7.73612115,8.6934804,7.7133402,10.27297262,11.33864332,11.48934715,9.56238641,14.361726500000001,11.59401345,5.81297974,9.87170439,4.99910101,3.2861871,6.10825694,6.39941545,6.60727509,9.82958745,8.16214937,10.74511063,11.17295391,6.10723875,6.44350266,5.78511952,8.01476426,9.11954263,11.99501448,4.97808963,11.95541428,6.55102899,4.84152829,6.21871289,12.64588812,11.2549686,3.76539416,6.00103093,8.87370657,5.85728913,3.41766733,9.17197754,6.89322794,8.21395953,11.31273186,6.59393578,8.85901519,6.01214025,6.84853066,6.98288382,7.871346000000001,7.4825652,5.04916161,6.94508484,6.33655582,4.17376762,4.98250289,6.39941545,8.16214937,6.00103093
2013,9.3,8.53713011,14.13353721,13.29322106,7.1,11.05965542,8.91062155,8.62783971,11.29154224,8.2445617,11.72089419,12.30417224,8.74536258,9.32042829,5.5,6.0,9.29823446,6.26874342,6.58007835,7.8972769,5.97737295,6.55197713,2.71878526,2.48714039,9.87100261,6.97792392,10.55310749,9.07232652,9.2406748,11.65377234,5.45508482,8.97503419,6.3762582000000005,8.37624456,9.67323912,5.20023423,4.70206867,7.56340646,6.11356354,8.23740934,6.78302012,4.17235342,6.95118881,4.98906871,6.31833973,5.43557007,10.28755727,11.95326004,8.44927725,8.07449694,7.69298122,6.87635882,13.93152472,10.77532536,6.82329907,5.201786599999999,4.6634682000000005,4.05861865,3.25717064,4.20146683,4.03195737,8.6498023,5.40802899,9.86495678,9.85892536,11.38541331,9.75467143,11.03542521,8.78190757,8.07744805,9.60674844,9.24442453,8.73004139,13.68454467,12.54053043,3.23101919,5.06849453,6.07336397,7.27988149,3.92792814,7.00476673,5.91442713,5.71439765,4.40765346,4.79728897,6.07872522,3.67548368,5.93345919,4.26294063,6.79906607,6.15637877,5.8188432,7.6430378,8.26307048,5.43415452,6.42674125,5.82739917,7.87490646,9.5064596,5.02562033,6.67227267,6.03042905,8.25440747,2.78707866,8.73190113,7.92956785,6.64584192,7.28350758,7.23751036,9.84281334,5.50612296,4.61710487,5.38286501,5.3,9.50768672,8.12008031,6.15370063,4.63934876,5.14498685,6.11838886,5.79424742,4.45708033,4.69283706,5.46969338,5.41333828,6.71998652,4.99779394,3.23484953,4.621102400000001,14.48951659,8.31750076,9.26430906,11.86489021,6.75072826,11.31029812,12.31453205,4.75863781,4.33268905,5.98321147,6.49458057,4.5911915,7.12112268,7.9678788,5.235674536,8.62985644,8.39458723,7.245752099999999,7.30521625,5.20027149,4.37631507,7.05361929,4.56493735,3.8114442000000004,8.12069945,6.57356535,4.06579342,6.11984142,5.369826,6.09040684,5.58598398,8.89828769,5.40616195,5.1163551,8.75732094,3.00224385,6.28290976,4.31788771,4.18247764,5.2888946,6.286389099999999,4.63496973,7.83481425,5.57853925,4.93166802,5.52206183,6.86279354,4.48932378,8.65876558,6.80209602,5.24639224,8.8381587,4.68442185,5.5549119000000005,8.52223797,3.81882012,7.58063635,10.9338811,7.97493768,9.57286417,9.86279592,7.02496819,8.66747387,9.91381615,11.62543609,11.04103766,13.10397299,7.4814416,6.71052637,13.5877274,6.53184035,8.10952747,9.84645373,6.05123273,8.67656528,10.1846133,9.35860786,10.40686664,7.99328521,8.90017433,7.63108407,7.32482486,5.6265825,5.96463896,9.14432545,4.23305916,6.42574226,9.41150597,4.15659964,7.52350828,8.2700489,9.4026587,7.47828069,7.09907858,5.78703804,8.14975581,7.89006899,4.09460851,4.12380344,3.71822923,4.68094536,4.1172008,4.74770529,5.69758272,7.09946489,9.96393164,5.09965962,6.38271818,4.21031977,4.99127273,4.33441035,4.73122363,4.34356875,7.08795025,3.28560472,6.99149438,4.38173054,6.62911852,3.74182286,4.03986407,6.42782069,8.75682485,6.53503529,7.15761725,8.47510763,6.12151876,4.45213012,7.62666744,8.63061765,10.98193784,5.24313426,3.77834814,4.04369124,5.83814905,3.3243288,3.97364741,3.91285278,3.73986524,4.93099033,5.25925339,3.68603612,4.1431785,4.02394762,4.80598056,4.84366139,3.68085099,4.32097473,4.01989387,5.94948284,4.57971308,4.72679101,7.58970646,4.08302861,2.90956741,6.2321135000000005,5.09262725,7.97328502,6.0,5.51325956,9.103255699999998,5.41689592,6.62920371,7.04993435,5.4,3.66428153,5.73771751,4.28426815,5.30058961,3.81284457,4.88326588,6.13785263,3.66153637,6.36381155,3.78285116,6.86228818,7.65326993,4.59003655,4.79868618,5.24446738,6.18740959,4.33989036,8.60955599,6.56467867,5.89452601,7.75499947,6.37379757,6.56491893,4.29037971,4.60255079,7.08638149,7.00797431,8.40282536,8.34435684,7.06107216,7.93474687,8.74185796,10.30296683,10.21910563,8.34717845,14.21099423,10.28867702,5.2712129999999995,8.9229023,4.61157619,3.29653409,6.01725792,5.68464544,7.0545789,9.5241114,7.35160958,11.46434192,11.2890666,4.94133521,6.072618299999999,6.31696649,7.56214284,8.93163373,10.77385435,5.29770611,7.91374951,6.54265808,4.81301689,6.62077261,13.49839361,10.24778313,3.29930752,5.57871354,8.02217422,5.24602951,3.18717474,7.50813919,8.55390553,7.51699706,10.77734443,7.50093654,6.53184035,5.93345919,6.15637877,5.50612296,6.71998652,6.80209602,4.99127273,7.62666744,5.24313426,4.93099033,4.1431785,5.68464544,7.35160958,5.57871354
2014,7.6,7.96781051,11.29292059,12.4729574,6.7,9.37143639,8.70943706,8.12496869,9.68902935,6.96686732,9.75599569,8.97116654,8.09629828,8.58502434,4.2,5.0,7.07688638,4.97457838,5.57059052,7.354126700000001,4.93810105,5.98364242,2.81950594,3.08275758,7.29130672,6.31464776,9.37711597,9.04659768,8.69297513,7.97288113,5.37978054,7.145295,5.421777,6.86042439,9.06874833,4.000232899999999,4.21669119,7.75010223,6.39407881,7.28100149,6.89785425,3.56886279,6.36654891,4.56546943,5.64657412,4.22739315,9.61118227,11.94137711,7.53939652,10.02837708,7.91914768,4.744455599999999,11.63099599,8.75976182,6.2684096,4.58843199,3.51687586,3.29404517,2.94196069,3.21314896,3.37952565,7.34969274,4.79820706,7.63327353,8.52423026,8.55916429,8.53357701,8.96288348,6.4183994,7.38602064,8.350880900000002,6.88293468,6.90800687,8.74288185,10.66579214,2.97049365,4.08833636,6.16205698,5.90003409,2.90608247,5.55474347,4.6140746,4.72849806,3.78876792,3.56194472,3.93704909,2.77386625,4.01100367,3.85042723,4.27022754,4.28807368,5.41594943,6.12527577,7.15010711,3.7185652,4.50150729,4.08030745,5.57275922,7.39120731,3.36116956,3.34842732,5.40758083,5.79920185,2.34541596,5.41575869,6.4712972,6.28757052,5.80823048,5.34252927,6.34740281,5.44616774,3.60184201,3.5557288000000002,4.2,7.56351857,5.83936972,4.87905613,4.23459025,3.82706682,4.98624941,4.49222824,4.04624842,3.39863941,4.27148755,3.71911261,6.34934327,3.93198425,2.43945017,3.37214272,10.90532423,7.47188401,7.29199508,10.23856241,5.16892528,8.16000282,11.28442211,3.66819182,3.49817982,5.32812943,4.69263029,3.24334522,5.41459976,6.05489107,3.927765073,7.75817679,6.88952103,7.55244243,6.66742714,4.10742152,4.34932268,5.40296892,3.54458858,3.17652812,6.30126255,4.74545438,3.6648257000000006,5.54448547,4.62662361,5.71781488,5.31696446,6.51036193,4.71525162,4.41182563,8.13678135,3.06209986,4.75000129,4.45558123,3.58195137,4.95867523,4.80285446,3.57256243,6.39572858,4.13485161,5.29368615,5.31258053,4.838626799999999,3.88471731,7.91542141,5.71421535,5.34395212,7.55615451,4.49166268,4.35650879,6.68522545,3.75748705,6.68768747,8.03136812,6.24264893,8.08050191,7.677491900000001,5.75545521,6.62428312,6.64446064,9.03521611,7.98711438,8.73443227,4.9459989,6.08172937,10.68475158,6.42924773,5.74894225,7.41840987,5.53845086,7.21161828,7.75780275,8.24375604,8.93196191,5.46938188,6.32499184,6.19661357,5.99168026,5.27648597,6.06618165,6.74058614,4.51548131,5.32317967,9.19232194,3.94947208,6.26426627,7.37664888,7.45610447,6.46521373,7.31503036,5.51214559,6.80946522,6.95902464,3.19959169,3.6321301,3.16418143,3.75882836,3.60055415,3.18755307,4.81007861,7.177490700000001,8.19763696,4.97740517,5.21056011,3.84537996,3.81527627,3.65811005,3.14212798,3.15137035,5.13220726,2.86019407,5.97070347,3.39718212,4.65658042,3.41628175,2.82365178,5.09896713,5.85399217,4.72297866,8.10825268,6.34288277,4.88510932,3.72239992,5.85475349,6.17790904,10.10743065,3.90858475,4.12350874,3.57205354,4.60961027,2.86589308,3.6295085,3.22607101,3.36653003,2.89154472,3.65673176,2.88473083,3.91918243,3.91420186,4.21943527,3.5759451,3.78398687,3.69794003,4.00946529,5.08779563,4.19047265,3.88892091,5.35026208,3.65680502,2.86234012,4.72426047,5.11917827,7.21906595,5.2,5.03221701,7.02098436,4.37113893,5.42101928,7.27484233,4.1,3.47682661,5.26854557,3.4663635999999998,4.59286127,4.35202221,3.96866688,5.64386829,3.25379341,5.33056205,3.00062525,4.90039269,7.47437444,3.69309813,4.32745997,4.47562558,5.64909682,4.29677223,6.38855864,6.05503301,5.81167026,6.35367985,5.63059796,6.33589229,3.84503802,5.16810803,5.71372561,6.19554957,7.12829339,6.78701043,6.50218315,6.08982846,7.81022758,7.40952754,7.70738716,8.57564151,10.41714103,7.84692781,4.58117801,8.18514103,4.47271048,2.90620237,5.3031953000000005,5.02167513,5.57287861,7.94048644,5.68875794,9.25239168,8.72858731,4.60719502,5.46308836,4.56140352,6.48435454,6.47190123,9.38352602,4.23920066,7.32331382,5.72025575,4.4589218,5.24015866,8.14638482,7.55218315,2.75912724,4.42681511,6.92743737,4.49756067,2.95147222,6.93220965,6.33231253,5.29902861,8.41300949,5.61793639,6.42924773,4.01100367,4.28807368,5.44616774,6.34934327,5.71421535,3.81527627,5.85475349,3.90858475,2.89154472,3.91918243,5.02167513,5.68875794,4.42681511
2015,6.8,6.88502095,9.67919379,11.00754566,6.2,8.55272717,7.30417314,7.0389538,8.80311774,6.36192658,9.03475772,8.43304019,7.25742989,6.2865098,3.5,4.1,5.42819796,4.54153737,3.92283203,6.24493507,2.8236248,5.30956516,1.80855868,2.07756132,6.59161169,5.66865314,7.5938133,7.2292071,7.13458121,6.79115111,4.86481167,5.4435998,4.08528964,5.11200877,5.80009283,3.40326162,3.13680081,5.89668157,4.92615029,5.32584796,5.79390892,2.55344813,5.02336059,3.96242428,5.18384445,3.62631884,6.0682582,7.3004681,4.36942974,5.79745438,4.44442543,4.34989232,8.67281973,7.69500877,5.28858814,3.55189213,3.10147299,2.78965591,2.66635055,2.34511061,2.92450163,3.39902473,3.90211908,6.02667549,7.04032151,6.48487977,7.26632492,8.36013298,5.32885646,5.77582672,6.11503438,6.30966752,5.51703064,7.5063473,8.64997661,2.58218612,3.80859724,4.18519039,5.14958637,2.03787592,4.14135406,3.52064647,4.0794378,3.02949203,3.04452401,3.62012424,2.31221924,3.13830804,3.38895811,3.40539185,4.3140903,4.54176292,4.89995852,6.36960818,3.29231713,3.94963779,4.06245679,5.00478961,5.55892927,3.1303455000000002,3.52128664,4.70745421,4.50018685,2.37762563,4.64231011,5.24876219,5.12457337,4.2527017,4.59452998,4.97953177,4.81567208,3.07118573,3.29293553,3.4,6.26457541,5.0023124,4.01052849,3.64076647,2.67787285,4.08565948,3.79085025,3.3531428,2.83993325,2.78741599,3.53284142,5.23954691,3.2483201,1.95151235,2.66600094,9.55279949,6.12854013,6.83508241,8.1401822,4.80458825,8.04664999,9.91212676,4.0255325,3.67207486,4.91597615,4.60967753,3.09094112,4.50307281,5.12624032,3.1601152669999997,5.21549097,5.17057304,5.33058777,5.83910305,3.29359536,3.05639409,4.02495051,2.65962552,2.50255988,4.9282106,3.93102078,2.87319783,3.84546238,4.01582718,3.78326229,3.83093586,5.44893013,3.33154265,3.03215117,5.65246042,2.6735062999999997,3.92443077,3.59391455,2.62434834,4.37655743,3.67543279,2.73544641,4.44109564,3.00073259,3.81287273,4.47602199,3.87901527,2.96008634,5.48870067,4.1414484,3.43340957,5.60475531,3.00585683,3.42006558,5.81973321,3.06784548,5.48423279,6.74646457,6.11329478,6.74828386,6.446653400000001,5.08348068,6.12485232,6.23560236,7.52661913,6.74867499,7.64908971,4.9667539000000005,6.26861833,9.6530769,5.83114175,6.03790503,7.13101148,4.94719877,5.34229422,6.10000834,5.89943182,6.76939173,4.52945322,6.03639325,5.79562518,5.09040412,4.91350946,4.71968033,5.91007159,4.34964293,5.2566828,6.482547,3.22659324,5.81047819,5.23644375,7.45226325,5.11356111,6.16501334,5.21730472,4.29710011,5.61601653,2.84656136,3.50576011,2.84315177,3.37012689,3.0806672,3.47396782,4.90424341,6.24305704,8.46521039,5.03330783,3.84310266,3.47422136,3.67410216,3.28246428,3.01788571,3.39326279,4.68480237,2.39209767,5.49669231,3.37747464,3.52341174,2.81851278,2.33832318,4.85182714,5.82540104,5.1975430000000005,5.45626903,6.36001058,4.03075705,3.47324526,4.98919865,6.17300771,7.29193784,4.05906337,3.60800483,3.12851816,3.74328537,2.4695522,2.74051738,2.59265133,3.08121136,2.90512577,3.3929072,3.04356622,3.48118141,3.30078203,3.45827205,3.26272386,2.93553904,2.97952717,2.88930571,4.11832625,3.77128053,2.74302417,4.86197205,3.0224402,2.57847697,4.33708715,3.97101634,5.272584200000001,4.0,3.88278506,6.01172634,3.5375797999999996,4.4728862000000005,4.96614629,3.3,2.42720311,3.85283799,2.9235751,2.64230522,2.80599749,2.64309215,4.67664865,2.45967412,4.28817902,2.70309534,3.98307979,5.10663665,3.03799831,3.63331912,3.96344132,4.76492324,3.35674696,5.66303526,5.282275599999999,5.18559439,5.21323539,4.3610228,5.0761544999999995,3.31042225,4.51151531,5.06247776,4.9029307,6.64452295,6.42549149,5.88680085,5.08026221,7.35124367,6.51222654,7.15916075,7.27224255,8.65272956,6.36370426,3.71622639,7.37044533,4.54167336,2.71467065,4.65068317,4.42216385,5.45693002,5.82392077,4.58381769,8.71588423,7.59266942,4.37923892,5.03067374,4.30420058,5.83858558,6.49026429,8.66132611,3.65551853,7.67265954,4.84085175,4.01058983,4.45564175,9.58954635,7.07061816,2.41900878,3.69733154,6.14167527,4.13270204,2.28496435,6.02812581,5.47432117,5.34887521,7.75365474,5.61227203,5.83114175,3.13830804,4.3140903,4.81567208,5.23954691,4.1414484,3.67410216,4.98919865,4.05906337,2.90512577,3.48118141,4.42216385,4.58381769,3.69733154
2016,5.8,6.29765755,8.97268172,8.10157703,5.5,7.45010293,6.42955222,6.24171771,7.00156885,5.67327633,8.06456953,7.37610042,6.22478563,6.66331888,3.6,4.0,5.16335463,4.01106364,3.99876684,5.56834966,4.47386164,5.50729111,2.48468813,2.43201377,5.98689846,5.0626182,7.46942572,6.38212128,7.22936175,6.78511001,4.27431718,5.75954174,3.67205213,5.00696531,5.84022851,4.15992986,3.935389,5.06151358,4.55704292,4.54875368,5.62798857,2.73631137,5.06884031,3.49911391,4.59368633,4.38431857,5.57534564,6.56515397,4.8679359,4.85687312,4.28603284,3.78878993,7.28061649,6.2823583,5.44617383,3.20548234,3.20175294,2.76979163,2.64802577,2.73609991,3.31323351,3.69432994,3.75441828,5.37775049,5.84414088,6.48182466,6.17251842,6.35511111,4.411798,5.45128853,5.12449596,5.02329653,4.52879339,6.11121194,7.5476144,2.41488013,3.46139696,4.10760569,4.881598400000001,2.51392902,3.44613086,3.62516708,3.83309885,2.57670729,2.75163605,3.8282771,2.37773504,3.16642647,3.91679655,3.52475795,3.54069583,4.2640746,4.71038938,6.29340927,3.65417483,3.79365095,3.73745463,4.25112049,4.4618777000000005,3.58796946,3.40234125,3.96926445,4.2759471,2.31225431,5.16537477,4.64890539,4.5711674,3.41500031,4.47171908,5.18229012,3.96954389,3.23763781,3.84935576,3.4,5.50737697,4.62045857,3.86427034,3.74708723,2.93917888,3.68773799,3.49609837,3.64285539,2.91794474,3.53925137,3.43444511,5.40371514,3.73433892,2.39049828,3.10783754,8.69669457,5.42071236,6.44432991,8.39354867,5.19798927,6.74018657,8.37780445,3.3851678,4.00923798,4.53371402,4.43519566,3.01357654,4.14518712,4.5042602,3.1404255360000004,5.66932737,4.55302128,5.07886616,5.02479807,3.49413539,3.17158586,3.97340701,2.75293762,2.332895,4.89174101,3.83807893,3.61557832,3.94318875,3.32300526,3.91558034,3.73273137,4.18596321,3.44902237,2.80188393,6.36120113,2.0840551,4.07082622,3.24215575,3.11523603,3.48380914,3.36589238,3.36052062,4.24824519,3.46348517,3.96991328,3.56166964,3.43675713,2.85260831,6.02094891,3.80447581,3.98399292,5.07048461,2.8337079,3.38051295,4.78423966,3.51916751,5.76138053,7.2434262,5.89820871,6.22269047,6.85742131,5.84305649,6.05422541,6.54179814,6.13540483,6.42729806,7.93646711,4.66370085,6.106417700000001,6.79940248,4.94662116,4.22636976,7.09451474,4.07726803,5.51036206,5.73122649,6.13047472,6.16821662,4.81689559,4.42053805,4.41043935,5.34529693,4.40971106,4.71812054,5.10172137,3.80412248,4.31920836,5.89097453,3.16481021,5.52125265,5.31572551,6.02695784,4.2901318,5.64180817,4.52484937,4.89797293,5.83144497,3.16788174,3.36860243,3.05490721,3.34574,2.84442696,2.98150063,3.81062858,5.35303281,7.01680608,3.86847466,4.55945464,3.39483418,3.25001195,3.41919348,3.26786565,3.34969694,4.32852776,2.51328104,4.46267528,3.3500162,3.22947688,2.74023012,3.20026872,4.688979799999999,5.02810345,4.16159355,5.24895675,7.109553699999999,4.4423132,3.83667242,5.31012307,6.0209871,6.42256384,3.67908505,3.20186027,3.42722423,4.18053993,2.92352359,2.89344187,2.7987139,3.34049602,3.02084985,3.46304982,3.119956,2.96046774,2.86525218,3.91993571,3.02863547,2.75379641,2.4720179,2.32094555,4.4419097999999995,4.45446484,3.53731613,4.3187894,2.97552061,2.71009733,4.01710717,4.12470755,5.01327511,4.1,3.53462853,5.62706975,3.5697288,3.97779588,5.37604976,3.4,3.52656385,5.34790123,3.3053476,3.71514539,3.13856981,3.88150262,4.70119216,3.21581378,4.11932922,2.52412064,4.44661492,4.50858357,2.80037845,3.9491777000000003,4.28489594,4.97272031,3.76120471,5.11535579,4.50949879,4.09753634,4.16349495,3.74918889,3.92193423,2.86176038,3.87935481,4.25973805,4.10404866,5.3039227,4.86854324,4.51484804,4.19676868,5.2519222,5.27293221,5.36438696,5.15067019,6.36468174,4.1657474,3.10521068,5.08593763,5.30081481,3.75276253,4.07284661,3.72989199,4.24628808,5.59436961,4.11184762,6.75547721,6.41164416,3.52846209,4.29173108,3.4909413999999996,4.49871282,4.86411205,6.30535035,3.69246277,5.65423429,3.91712378,4.10140382,3.90679473,7.80865066,4.78073325,2.57241385,3.40729306,4.92082758,4.27647665,2.83697385,4.98797485,4.64392406,4.3169102,5.91378218,4.26623281,4.94662116,3.16642647,3.54069583,3.96954389,5.40371514,3.80447581,3.25001195,5.31012307,3.67908505,3.02084985,2.96046774,3.72989199,4.11184762,3.40729306
2017,5.5,6.01360304,10.09332971,7.87731764,5.0,6.9085318,5.61621083,5.62610981,6.83013616,5.7722189,7.61922609,6.40044979,5.82878427,5.87612227,3.0,3.8,4.63542677,3.65856857,3.90993628,4.5125077000000005,3.33774382,4.22484879,1.84717017,1.80770658,5.28444929,4.18352893,5.6223475,5.83357304,5.96184515,4.67988497,3.93375698,4.76545502,3.76063997,3.88460221,5.25296155,3.15192509,3.00755618,4.88684354,4.18873894,4.56240174,4.33515417,2.25580773,3.26753628,3.25015158,4.62917956,3.34487624,4.67357071,5.92155925,4.75929493,4.4927307,4.27648163,3.60712874,7.19517237,5.58476124,4.99310204,3.18544541,3.89868445,3.32584515,3.61300709,3.4877879000000003,3.41079527,4.04905466,3.57333534,5.16000001,5.86951695,5.05102123,6.01645041,6.20599699,4.07918045,4.77192398,4.68807889,5.31482552,4.72754648,5.57368668,8.39818895,2.54142339,3.29343721,4.6067172,5.84335925,2.5745568,3.92354873,3.54140806,3.51627517,2.75769586,3.45562215,3.93250871,2.96623432,3.66307608,4.13881496,2.76255292,3.49490822,4.66160222,4.27958604,5.92466463,3.47443004,4.12183784,3.36855566,5.05942959,4.53421082,4.90833769,3.5108687999999995,4.34813905,5.18118603,2.85860887,4.41583564,4.66114281,4.4724218,4.07730309,4.08348231,5.37268784,4.02674718,3.52184475,3.10097252,3.4,5.96765503,4.65749759,3.57183672,3.22638621,2.69244345,3.96094714,3.49813972,3.31917249,3.22952596,3.83383876,3.07365872,5.07945012,3.6952116000000004,2.90960051,2.72663777,8.27919094,5.23687376,5.9421925,7.97276595,3.89869919,6.07949212,7.70767563,3.04275135,3.97697902,3.98315362,4.0455727,3.56144223,3.79614576,4.18270055,2.843395213,5.24933567,4.99029318,4.46107962,4.43461092,3.4566881,2.32629312,3.27783482,2.60558824,2.12360731,4.18454175,2.84240516,3.07489231,3.48176936,3.25207111,3.92966436,3.69497067,4.07253415,3.85737249,3.20183645,5.37755729,2.43160811,3.53302918,3.44124977,2.56728101,3.52882036,3.3089607000000005,3.19225065,4.17258938,2.82515759,3.66754826,3.56596735,3.76362822,2.81735524,7.22313196,3.12996747,2.46810693,5.43165812,3.03001655,3.66040483,4.6442735,2.93191268,5.21333537,4.7981077,5.459043599999999,6.468519000000001,4.76707689,5.89270034,4.76764392,4.89389307,5.60169518,6.16383049,7.95087547,3.70783809,5.57502078,7.66935086,4.39068145,4.5926875,6.31276538,4.176119600000001,7.27045767,5.11456024,5.97542972,5.87192512,3.75981451,4.81958144,4.80152992,6.03615147,3.7714701,4.08584911,5.47288431,3.98313787,5.08890922,5.22574834,2.9082439,4.70815036,4.23773053,4.6413281,4.25070186,4.09751919,3.38055429,3.79112606,4.20552679,2.2928664,2.51858523,2.5107227,2.60773553,2.38897057,2.84703484,3.02874399,4.81617181,4.99760157,2.78656052,3.47841481,2.68735723,2.45603072,2.86197051,2.99680909,2.38806293,3.46130408,2.12381652,3.59385829,2.42152453,2.5263481,2.35896811,1.99517361,3.88882014,3.89419044,2.74819176,4.19372646,4.6159485,3.41614927,2.64649504,3.69788148,4.7783349,4.50903417,3.28831242,2.72217187,2.64925894,2.88034262,2.47948787,2.40627773,2.14432851,2.89090302,3.45050644,2.25629445,2.70289808,2.55560245,2.36043704,2.9473387000000004,2.17937738,2.61467465,2.27440444,2.37564387,3.46271903,3.29089876,2.35032594,3.18467096,2.61890435,1.97422584,3.15424937,3.20949541,4.06460227,3.1,2.91100999,4.72165728,3.57180625,4.28993068,3.8752902000000002,2.8,2.34863551,3.24840345,2.33058499,2.27014079,2.02688956,2.45639515,2.91431234,2.17273691,2.635269,2.06611557,3.75468714,3.73740444,2.59173879,2.5467581000000004,4.24105347,5.02581512,3.18164529,4.021910299999999,3.65997746,4.20217991,3.68220928,3.4653367999999993,4.25150171,2.70161374,4.21419189,4.6133212,4.01241563,4.90809838,5.78984565,5.06203891,4.16908503,6.08511128,5.24414745,5.79147322,6.12856759,5.62099286,4.59385575,3.00926906,5.27234624,4.18375154,2.88839275,4.16258021,2.87865538,3.19602712,4.6858432,2.84857507,4.92551058,5.71962128,3.37323669,4.19411527,2.98443477,4.32356959,4.0448642,5.58584874,3.43344142,5.62664081,3.19939809,3.81685731,3.02039309,6.52564948,4.61161746,2.07089675,2.93045766,4.28515883,3.42743203,2.23868552,4.31664042,3.91678549,3.78662793,4.78251127,3.39555291,4.39068145,3.66307608,3.49490822,4.02674718,5.07945012,3.12996747,2.45603072,3.69788148,3.28831242,3.45050644,2.55560245,2.87865538,2.84857507,2.93045766
2018,4.6,4.73956109,8.99844801,7.38800658,4.3,5.2954167000000005,5.72852509,4.72859167,5.36028862,4.74615653,6.46536712,6.13267737,5.23679559,5.7345524,3.1,3.6,4.48616266,3.98955037,3.10333276,4.47715612,2.64592194,3.79705785,1.81583557,1.81987505,4.90213741,4.20926021,5.23161595,5.33332239,5.09979509,5.01953889,3.03619805,4.74345478,3.69021485,4.06449588,5.44275931,2.78518779,2.45452423,4.68873838,4.62702849,4.41194186,4.33600038,2.71030478,4.05252702,3.39373556,4.49820984,2.97801003,3.55673655,3.96978916,3.09988789,3.45092423,2.77551709,3.36987638,5.80519367,5.73303584,5.37096144,3.00008873,2.94366683,2.92195459,3.0400139999999998,3.25290574,2.71376184,3.50409114,2.93792115,4.993497799999999,5.57455878,4.87440881,4.83964467,5.12986616,4.05587087,4.91307724,3.9162193,4.884302099999999,4.60329511,5.52261724,6.99677204,3.49448238,3.60363091,4.35791829,5.17427137,2.77147386,4.96579583,3.88344071,3.98004153,3.32902954,3.29601697,4.12884464,3.19344472,3.90796767,3.99940873,4.24404695,3.72955287,3.8462297,4.87396579,6.56182486,3.37132642,3.8640811,3.73394833,4.53370955,5.08147503,3.31460827,3.15089094,4.87301847,5.10811486,2.69071744,4.22928239,4.957156400000001,5.15994944,4.80444628,4.2442617,4.94651951,4.50670837,3.43776275,2.68012505,2.9,5.98156165,3.90485044,3.83215601,3.04275893,3.03916699,3.16389401,2.89579803,2.84843267,2.73459633,4.00157877,2.99714131,3.80800061,3.71906062,2.73328626,2.69667231,7.33489139,4.60626887,5.42981528,6.01426934,4.21987299,5.21000526,6.85488701,3.71307172,3.09254718,4.22379605,3.34470965,2.60104723,3.14690539,3.95261523,2.893202768,4.56116593,4.87871225,3.63103647,4.11043007,3.7563246,2.37230607,3.71485182,2.69896143,2.15613938,3.97994383,3.1913113999999996,3.63230421,3.07796215,3.54690701,3.30927995,3.22193288,4.66442468,3.65617687,2.62729166,3.99280804,2.99717784,3.45906277,3.17204682,2.63878137,3.86856675,3.16787958,3.27902475,3.25275296,3.4884322,4.14433096,3.65827168,3.47829174,3.15752017,5.96047198,3.75609406,2.3679861,4.22090745,2.83684805,3.0838606,4.24426473,3.26178227,4.52470147,6.02460588,5.48099032,5.25846493,5.09567652,6.04502788,6.28178533,4.79465199,5.57922774,5.891908900000001,5.64106483,3.94842384,4.91462272,5.88899455,4.67277773,3.95524936,5.33034085,4.22783845,4.9580117,5.53802932,5.26620232,5.4443022,3.6284252999999995,4.65749773,4.38468575,4.85538086,4.86864443,4.25280271,4.97423141,3.78151876,4.66061237,3.96520182,2.39885094,5.95738126,3.98145984,3.93365435,4.30910965,4.39011031,4.11835338,3.72578837,5.55523627,2.79446492,2.7461624,2.50106818,2.59501923,2.7653896000000002,2.67902915,3.35336874,4.32726771,4.83243423,3.17261852,3.72799175,3.13172271,2.38262778,2.42663423,3.38297908,2.87065955,3.78312244,2.62722081,4.21496536,2.90391456,2.69111922,2.96620976,2.60507635,3.6595970999999996,4.98719998,2.89125699,3.44490968,4.1850929,2.82599148,2.95741398,4.1542194,5.57114893,4.48456427,2.98199763,3.61944922,2.82530012,3.51269152,2.59746191,3.18619873,2.50371956,2.49184204,2.98936482,2.75102336,2.78725192,2.96520701,2.70663798,2.57748371,2.78774449,2.76877625,2.3023808999999997,2.3759924999999997,3.29076521,2.97224285,2.69723839,3.84502919,2.94970008,2.08004272,3.47135354,2.99373793,3.78424517,2.8,2.84454216,4.48311652,3.01134854,3.82988682,3.64421904,2.9,1.87354942,3.33816427,2.56390495,2.10963878,2.13825882,2.33746678,2.37797439,2.25337469,2.83866902,2.59009417,3.14072616,3.10587834,2.54074873,2.5079366000000003,4.03623847,3.70538702,3.01687576,3.85076638,4.22303449,3.5507413999999997,3.20637255,3.97498216,4.03459627,2.40585675,3.12807236,3.58383872,3.56298999,5.98234559,4.92884997,4.47882367,3.40937515,5.19891435,5.75870928,5.31237535,5.16037442,5.00088123,5.40899469,3.37143491,4.53317387,5.05334831,2.82270138,3.65404309,2.89614084,4.04267909,4.47996192,2.99922986,6.53086885,5.77093013,3.13891886,3.36567281,3.41488887,3.82428469,4.54213854,5.93044672,2.98460246,5.25951866,3.65041033,3.68909808,2.55571376,5.70993863,4.41820145,1.82321847,3.05267726,4.7295823,3.18248064,2.12542764,4.3368587,4.06981474,3.89640389,4.63905992,3.96603912,4.67277773,3.90796767,3.72955287,4.50670837,3.80800061,3.75609406,2.38262778,4.1542194,2.98199763,2.98936482,2.96520701,2.89614084,2.99922986,3.05267726
